Datetime,Assets,Liabilities,Investment,Investment %,Net Value
2024-04-07 20:00:17,1334090.2482621917,144639.62469986742,852099.3747702261,0.6387119431239267,1189450.623562324
2024-04-08 20:00:30,1326712.474526678,144639.62469986742,843827.5598329303,0.6360289633471463,1182072.8498268106
2024-04-09 20:00:15,1308998.383109094,144639.62469986742,826113.4684153466,0.6311035056079949,1164358.7584092268
2024-04-10 20:00:32,1309551.8268704398,144639.62469986742,826666.9121766922,0.6312594089172144,1164912.2021705725
2024-04-11 20:00:37,1309716.1084527613,144639.62469986742,826831.1937590135,0.6313056611449898,1165076.4837528935
2024-04-12 20:00:29,1281886.723908421,144639.62469986742,796021.6718753993,0.6209766097337847,1137247.0992085536
2024-04-13 20:00:28,1269652.524091173,144639.62469986742,783787.4720581512,0.6173243916631381,1125012.8993913056
2024-04-17 20:00:19,1285265.7609530273,144639.62469986742,799400.7089200054,0.6219730838602968,1140626.1362531595
2024-04-18 20:00:05,1288154.4131134409,144639.62469986742,802289.3610804189,0.6228207992093924,1143514.7884135733
2024-04-19 20:00:19,1274233.9294014364,144639.62469986742,788368.8773684144,0.6187002709453404,1129594.3047015688
2024-04-20 20:00:06,1278448.0312663745,144639.62469986742,792582.9792333526,0.6199571354091372,1133808.406566507
2024-04-21 20:00:22,1273647.0303778788,144639.62469986742,787781.9783448569,0.6185245672901459,1129007.4056780112
2024-04-22 20:00:06,1288973.1908607334,144639.62469986742,803108.1388277115,0.6230603898684832,1144333.566160866
2024-04-23 20:00:24,1305644.5576572134,147113.4367051989,818885.4644224093,0.6271886629633554,1158531.1209520146
2024-04-24 20:00:09,1299074.3281955635,147113.4367051989,812315.2349607593,0.6253031234087114,1151960.891490365
2024-04-25 20:00:23,1299993.5934431728,132118.13064830625,827986.1800377755,0.6369155849797422,1167875.4627948664
2024-04-26 20:00:06,1303256.6502455936,131881.35873670093,831249.2368401964,0.6378246653746603,1171375.2915088926
2024-04-27 20:00:21,1302047.3539897494,131881.35873670093,830039.9405843524,0.6374882895318161,1170165.9952530484
2024-04-28 20:00:02,1301308.8855803122,131881.35873670093,829301.4721749151,0.6372825709286479,1169427.5268436114
2024-04-29 20:00:25,1314375.6346351765,131881.35873670093,842368.2212297792,0.6408884941507536,1182494.2758984754
2024-04-30 20:00:10,1294017.6084648916,131881.35873670093,822010.1950594946,0.6352388017614806,1162136.2497281907
2024-05-01 20:00:24,1266028.0060677528,131881.35873670093,794020.592662356,0.6271745876527339,1134146.647331052
2024-05-02 20:00:06,1284201.607929948,131881.35873670093,812194.1945245508,0.6324506911603675,1152320.249193247
2024-05-03 20:00:17,1303486.5637366308,131881.35873670093,831479.1503312335,0.6378885471191046,1171605.20499993
2024-05-04 20:00:29,1307145.2154693755,131881.35873670093,835137.8020639787,0.6389020838546187,1175263.8567326749
2024-05-05 20:00:11,1302374.200734018,131881.35873670093,830366.7873286211,0.637579266282015,1170492.8419973173
2024-05-06 20:00:22,1315697.178621024,131881.35873670093,843689.7652156268,0.6412492015069107,1183815.819884323
2024-05-07 20:00:12,1307791.3156556503,131881.35873670093,835783.9022502531,0.6390804803832483,1175909.9569189493
2024-05-08 20:00:22,1317667.3978335352,131881.35873670093,845659.9844281381,0.6417856173861052,1185786.0390968344
2024-05-09 20:00:04,1336212.2528124533,131881.35873670093,855860.4548570887,0.6405123535244326,1204330.8940757525
2024-05-10 20:00:15,1330632.7566412769,131881.35873670093,850280.9586859123,0.6390049804817319,1198751.397904576
2024-05-11 20:00:01,1330564.57117437,131881.35873670093,850212.7732190053,0.6389864811059855,1198683.212437669
2024-05-12 20:00:25,1328840.333738292,131881.35873670093,848488.5357829271,0.6385180478349572,1196958.9750015908
2024-05-13 20:00:15,1331888.8719327138,131881.35873670093,851537.0739773491,0.6393454378379761,1200007.513196013
2024-05-14 20:00:03,1338025.2506776885,131881.35873670093,857673.4527223238,0.6409994522060969,1206143.8919409877
2024-05-15 20:00:24,1419699.8864690708,131881.35873670093,920573.2232762792,0.6484280459906443,1287818.5277323695
2024-05-16 20:00:08,1407535.6884499155,131881.35873670093,908409.025257124,0.6453896925750653,1275654.329713215
2024-05-17 20:00:22,1429180.5436275108,131881.35873670093,930053.8804347188,0.6507602448001979,1297299.1848908097
2024-05-18 20:00:05,1428320.4920429017,131881.35873670093,929193.8288501096,0.6505499529178498,1296439.1333062002
2024-05-19 20:00:16,1421905.1846696828,131881.35873670093,922778.5214768908,0.6489733151168291,1290023.825932982
2024-05-20 20:00:12,1432503.9567954903,131881.35873670093,933377.2936026984,0.651570482004575,1300622.5980587893
2024-05-21 20:00:24,1431759.710509031,131881.35873670093,932633.0473162392,0.6513893640607207,1299878.3517723302
2024-05-22 20:00:05,1430964.4500095092,131881.35873670093,931837.7868167176,0.6511956232109926,1299083.0912728086
2024-05-23 20:00:27,1442035.8670090945,131881.35873670093,942909.203816303,0.6538736139566189,1310154.5082723938
2024-05-24 20:00:09,1461623.7921817496,131881.35873670093,962497.1289889582,0.6585122205435977,1329742.4334450488
2024-05-25 20:00:23,1464314.1535800342,131881.35873670093,965187.4903872424,0.6591396306779524,1332432.7948433333
2024-05-26 20:00:09,1462105.1932511898,131881.35873670093,962978.5300583986,0.6586246560803772,1330223.8345144892
2024-05-27 20:00:21,1469529.964684421,131881.35873670093,970403.3014916288,0.6603494483353537,1337648.60594772
2024-05-28 20:00:07,1484043.735951888,131881.35873670093,984917.0727590962,0.6636711903422143,1352162.3772151868
2024-05-29 20:00:21,1523456.9318069965,131881.35873670093,1024330.2686142048,0.6723723180012909,1391575.5730702956
2024-05-30 20:00:03,1505031.2646253274,131881.35873670093,996219.1550798948,0.6619258871860713,1373149.9058886264
2024-05-31 20:00:17,1403012.4774278884,131881.35873670093,894200.3678824558,0.6373431329148072,1271131.1186911876
2024-06-01 20:00:28,1403086.8984321873,131881.35873670093,894274.7888867544,0.6373623685646408,1271205.5396954862
2024-06-02 20:00:22,1403995.5463068965,131881.35873670093,895183.436761464,0.6375970629794202,1272114.1875701954
2024-06-03 20:00:27,1384772.4030479454,131881.35873670093,875960.2935025127,0.6325662553459943,1252891.0443112445
2024-06-04 20:00:11,1404422.895936575,131881.35873670093,895610.7863911423,0.6377073379979906,1272541.537199874
2024-06-05 20:00:26,1413872.423423264,131881.35873670093,905060.313877831,0.6401286982360839,1281991.0646865629
2024-06-06 20:00:13,1398951.2361103948,131881.35873670093,890139.1265649623,0.6362903177668153,1267069.877373694
2024-06-07 20:00:25,1380751.767417793,131881.35873670093,871939.6578723603,0.6314963184896113,1248870.408681092
2024-06-08 20:00:08,1380317.7738202948,131881.35873670093,871505.6642748622,0.6313804551417191,1248436.415083594
2024-06-09 20:00:17,1381836.711677149,131881.35873670093,873024.602131716,0.6317856478658159,1249955.3529404476
2024-06-10 20:00:27,1393177.615062463,131881.35873670093,881385.3681777562,0.63264393473494,1261296.256325762
2024-06-11 20:00:06,1387519.781085864,131881.35873670093,875727.534201157,0.6311459815843624,1255638.4223491629
2024-06-12 20:00:24,1394533.074011243,131881.35873670093,877227.5730488789,0.6290475209208316,1262651.715274542
2024-06-13 20:00:09,1401574.6487234945,131881.35873670093,884269.1477611304,0.6309112030290304,1269693.2899867934
2024-06-14 20:00:20,1398466.2289424837,131881.35873670093,881160.7279801199,0.6300908164557191,1266584.8702057828
2024-06-15 20:00:33,1399120.7110187565,131881.35873670093,881815.2100563926,0.6302638529411141,1267239.3522820557
2024-06-16 20:00:14,1401070.6771273562,131881.35873670093,883765.1761649924,0.630778440083404,1269189.318390655
2024-06-17 20:00:24,1425581.226243508,131881.35873670093,908275.725281144,0.6371266039147451,1293699.8675068072
2024-06-18 20:00:07,1442805.4285170983,131881.35873670093,925499.9275547344,0.6414585842707526,1310924.0697803972
2024-06-19 20:00:19,1442539.3087843496,131881.35873670093,925233.8078219856,0.6413924405302305,1310657.9500476485
2024-06-20 20:00:33,1439175.6528682436,131881.35873670093,921870.1519058796,0.640554299309201,1307294.2941315428
2024-06-21 20:00:18,1410400.908270957,131881.35873670093,961936.5798458254,0.6820306015153419,1278519.549534256
2024-06-22 20:00:31,1411073.2764826915,131881.35873670093,962608.94805756,0.6821821120849265,1279191.917745991
2024-06-23 20:00:12,1407236.9740248008,131881.35873670093,958772.6455996692,0.6813157011199822,1275355.6152881
2024-06-24 20:00:24,1367184.245975352,131881.35873670093,918719.9175502204,0.6719795962063648,1235302.8872386508
2024-06-25 20:00:24,1378384.2347878169,131881.35873670093,929919.9063626851,0.6746449087948496,1246502.876051116
2024-06-26 20:00:23,1371604.2766004708,131881.35873670093,923139.9481753391,0.6730366505296608,1239722.91786377
2024-06-27 20:00:11,1375423.022082036,131881.35873670093,926958.6936569044,0.6739444365659429,1243541.663345335
2024-06-28 20:00:22,1364910.4566035513,131881.35873670093,916446.1281784194,0.6714331506104129,1233029.0978668504
2024-06-29 20:00:19,1366985.4730703875,131881.35873670093,918521.1446452565,0.6719318988680728,1235104.114333687
2024-06-30 20:00:12,1404705.2250159504,112813.24798508931,871300.5281746314,0.6744376028846703,1291891.977030861
2024-07-01 20:00:26,1419814.839945837,112813.24798508931,886401.9857755422,0.6781950314580512,1307001.5919607475
2024-07-02 20:00:08,1416732.6588813704,112813.24798508931,883298.2993470397,0.6774178618446078,1303919.410896281
2024-07-03 20:00:22,1409322.0146667005,112813.24798508931,875897.2940048393,0.6755814665616813,1296508.7666816108
2024-07-04 20:00:08,1394865.4450837213,112813.24798508931,861463.7113293902,0.6719412152476623,1282052.197098632
2024-07-05 20:00:29,1382066.3429642858,112813.24798508931,848652.0037145937,0.6686231509472926,1269253.0949791968
2024-07-06 20:00:15,1388014.565362684,112813.24798508931,854603.9352755815,0.6701717788631554,1275201.3173775943
2024-07-07 20:00:27,1380523.6703499558,112813.24798508931,900116.1628293488,0.7100329436041204,1267710.4223648664
2024-07-08 20:00:28,1404050.4490616643,112813.24798508931,923642.92335153,0.7153162273991472,1291237.201076575
2024-07-09 20:00:16,1413459.7488178646,112813.24798508931,933051.9683965024,0.7173755265547476,1300646.5008327756
2024-07-10 20:00:05,1420305.7302568874,112813.24798508931,933043.4277397344,0.7136128432023948,1307492.4822717975
2024-07-11 20:00:20,1406032.774676362,112813.24798508931,915046.3860442436,0.707572355008749,1293219.5266912726
2024-07-12 20:00:36,1406129.165977243,112813.24798508931,915142.941108713,0.707594276369422,1293315.917992154
2024-07-13 20:00:17,1411014.401134804,112813.24798508931,920028.176266274,0.7086946225814759,1298201.153149715
2024-07-14 20:00:30,1416129.7233414825,112813.24798508931,925143.8198983944,0.7098381992335461,1303316.4753563933
2024-07-15 20:00:13,1423926.6987651808,112813.24798508931,932940.23737495,0.7115633180483854,1311113.450780091
2024-07-16 20:00:29,1418961.901694168,112813.24798508931,927974.8762839792,0.7104665105681526,1306148.6537090784
2024-07-17 20:00:16,1383384.2221828185,112813.24798508931,892397.6698160298,0.7023595595511792,1270570.9741977293
2024-07-18 20:00:31,1383795.640289842,112813.24798508931,892809.1303749242,0.7024559394217391,1270982.3923047525
2024-07-19 20:00:16,1396815.7381606165,112813.24798508931,905829.2646247548,0.7054731369725967,1284002.4901755268
2024-07-20 20:00:34,1398476.5338839062,112813.24798508931,907490.0603480448,0.705853601251133,1285663.2858988168
2024-07-21 20:00:17,1403077.1330512438,112813.24798508931,912090.046999656,0.7069019427393268,1290263.8850661546
2024-07-22 20:00:33,1412640.7885490058,112813.24798508931,921653.4538590056,0.7090582597281758,1299827.5405639168
2024-07-23 20:00:13,1389542.5429932082,112813.24798508931,898555.1355161777,0.7037945624255951,1276729.295008119
2024-07-24 20:00:34,1350167.9487021822,112813.24798508931,859181.2871693079,0.6943694372126119,1237354.7007170932
2024-07-25 20:00:17,1331560.4735106076,112813.24798508931,840575.7223119424,0.6897047268759852,1218747.2255255184
2024-07-26 20:00:29,1347855.900141005,112813.24798508931,856871.173204683,0.6937988511642988,1235042.6521559155
2024-07-27 20:00:12,1347480.8569249294,112813.24798508931,856496.1299886074,0.6937058393586971,1234667.60893984
2024-07-28 20:00:28,1350925.580937877,112813.24798508931,859939.6653491581,0.6945570627652815,1238112.3329527874
2024-07-29 20:00:12,1336974.504769706,112813.24798508931,845988.0130443164,0.6910756310540244,1224161.2567846165
2024-07-30 20:00:24,1325826.8552838624,112813.24798508931,834840.8851265599,0.6882370322173419,1213013.607298773
2024-07-31 20:00:08,1342307.1439967172,112813.24798508931,851323.1023631516,0.6924175102656226,1229493.896011628
2024-08-01 20:00:19,1328706.4715488926,112813.24798508931,837720.9259103034,0.6889757337860057,1215893.2235638031
2024-08-02 20:00:31,1289401.7041155668,112813.24798508931,798416.2069727458,0.6785857899698836,1176588.4561304774
2024-08-03 20:00:10,1286711.254968952,112813.24798508931,795725.7578261308,0.6778491428489747,1173898.0069838625
2024-08-04 20:00:20,1270502.517623833,112813.24798508931,779522.0722826174,0.6733430919039844,1157689.2696387433
2024-08-05 20:00:33,1232921.2313335957,112813.24798508931,741942.6053789494,0.6623848918217239,1120107.983348506
2024-08-06 20:00:14,1233533.457622629,112813.24798508931,742553.2366864006,0.6625679008024271,1120720.2096375397
2024-08-07 20:00:30,1207915.3116481074,112813.24798508931,716933.8959866669,0.6546731302729787,1095102.0636630182
2024-08-08 20:00:10,1245774.9456934745,112813.24798508931,754793.608862961,0.6662128211303738,1132961.6977083848
2024-08-09 20:00:22,1246164.7749150477,112813.24798508931,755183.4684196928,0.6663276578144706,1133351.526929958
2024-08-10 20:00:05,1246394.417463112,112813.24798508931,755413.1109677575,0.6663952536505177,1133581.1694780227
2024-08-11 20:00:17,1237724.0907425734,112813.24798508931,746743.281524044,0.6638244144696469,1124910.8427574842
2024-08-12 20:00:28,1280655.701258144,112813.24798508931,789674.3826171585,0.6761822884619213,1167842.453273055
2024-08-13 20:00:09,1300383.1890731326,112813.24798508931,809403.0408950163,0.6815624182550856,1187569.9410880434
2024-08-14 20:00:21,1298970.7057234433,112813.24798508931,807991.582463054,0.6811840849558466,1186157.457738354
2024-08-15 20:00:04,1324061.997785542,112813.24798508931,833080.7397859561,0.6877866663831043,1211248.749800453
2024-08-16 20:00:26,1329822.491360194,112813.24798508931,841523.3266597142,0.6914683115519619,1217009.2433751049
2024-08-17 20:00:14,1331671.7478343872,112813.24798508931,843372.5831339076,0.6919364169328793,1218858.4998492976
2024-08-18 20:00:32,1327369.0842699206,112813.24798508931,839070.4957061114,0.6908455508086965,1214555.8362848312
2024-08-19 20:00:12,1331083.1018270084,112813.24798508931,842786.0354577511,0.6917892885553663,1218269.853841919
2024-08-20 20:00:25,1321676.4954061073,112813.24798508931,833379.8717740092,0.6893913546895707,1208863.2474210178
2024-08-21 20:00:08,1331496.0990112491,112813.24798508931,843199.3298050913,0.6918939813546219,1218682.8510261597
2024-08-22 20:00:23,1318547.4409020152,112813.24798508931,830250.0895152892,0.6885846767824828,1205734.192916926
2024-08-23 20:00:09,1341158.022879868,112813.24798508931,852860.61689564,0.6943169656651952,1228344.7748947786
2024-08-24 20:00:22,1341678.512870929,112813.24798508931,853381.1068867008,0.6944464387362915,1228865.2648858395
2024-08-25 20:00:15,1340361.3115072905,112813.24798508931,852065.1487729619,0.6941195820293448,1227548.063522201
2024-08-26 20:00:31,1333744.2713122214,112813.24798508931,845448.3026477213,0.6924619708194562,1220931.023327132
2024-08-27 20:00:12,1319032.165558749,112813.24798508931,830736.0028244206,0.6887108059086549,1206218.9175736597
2024-08-28 20:00:24,1314959.225431942,112813.24798508931,826663.056624798,0.6876561350564807,1202145.9774468527
2024-08-29 20:00:34,1313215.949257414,112813.24798508931,824921.4360732513,0.6872039151518943,1200402.701272325
2024-08-30 20:00:17,1335242.8440006126,112813.24798508931,846948.40360348,0.6928402309336142,1222429.5960155234
2024-08-31 20:00:39,1334712.7734729638,112813.24798508931,846418.3330758312,0.6927069823829229,1221899.5254878746
2024-09-01 20:00:27,1328350.4497956508,112813.24798508931,840056.3732758325,0.6910988590267377,1215537.2018105614
2024-09-02 20:00:24,1330407.3591646615,112813.24798508931,842111.6452113896,0.6916193479250443,1217594.1111795723
2024-09-03 20:00:06,1309935.2891968468,112813.24798508931,821639.338721875,0.6863455106800895,1197122.0412117576
2024-09-04 20:00:20,1304130.3252741846,112813.24798508931,815834.9206007245,0.6848176158585754,1191317.0772890954
2024-09-05 20:00:37,1291073.8675316873,112813.24798508931,802779.6636562545,0.6813260583767701,1178260.619546598
2024-09-06 20:00:23,1262274.5851193997,112813.24798508931,773980.3994334952,0.6733418292807343,1149461.3371343105
2024-09-07 20:00:33,1263027.279335715,112813.24798508931,774733.0936498109,0.6735555927274588,1150214.031350626
2024-09-08 20:00:18,1265084.0614220467,112813.24798508931,776790.1304473702,0.6741385110071345,1152270.8134369573
2024-09-09 20:00:37,1287064.6105084247,112813.24798508931,798769.120931222,0.6802369121503561,1174251.3625233353
2024-09-10 20:00:20,1292821.1656992943,112813.24798508931,804525.2394866659,0.6817964756076491,1180007.917714205
2024-09-11 20:00:33,1299220.0306857731,112813.24798508931,810924.152968913,0.6835127418295444,1186406.782700684
2024-09-12 20:00:18,1312348.8845039448,112813.24798508931,824053.1584050419,0.68697680445452,1199535.636518855
2024-09-13 20:00:34,1327025.1252310118,112813.24798508931,838729.4052049245,0.6907603367439725,1214211.877245922
2024-09-14 20:00:22,1325004.4144354614,112813.24798508931,836708.694409374,0.6902448372557328,1212191.166450372
2024-09-15 20:00:33,1319932.4962236695,112813.24798508931,831638.2377507353,0.6889445586790663,1207119.2482385803
2024-09-16 20:00:17,1319776.769531746,112813.24798508931,831482.5110588116,0.6889044252085704,1206963.5215466565
2024-09-17 20:00:44,1331986.4942331982,112813.24798508931,843692.2357602637,0.6920199720233752,1219173.2462481088
2024-09-18 20:00:31,1332875.2788339057,112813.24798508931,844581.7359988865,0.6922449143108714,1220062.0308488165
2024-09-19 20:00:12,1352338.4019798725,112813.24798508931,858681.4427820581,0.6927503165342558,1239525.153994783
2024-09-20 20:00:24,1351676.7637686718,112813.24798508931,858019.804570858,0.6925862240992374,1238863.5157835828
2024-09-21 20:00:34,1352506.8084013104,112813.24798508931,858849.8492034958,0.6927920549293983,1239693.5604162212
2024-09-22 20:00:20,1351841.7020592396,112813.24798508931,858185.7738230496,0.6926279788015998,1239028.4540741502
2024-09-23 20:00:32,1349775.7994388838,112813.24798508931,856119.8530131659,0.6921146092959511,1236962.5514537946
2024-09-24 20:00:13,1358589.5125037327,112813.24798508931,864934.7183513558,0.6942937853175094,1245776.2645186433
2024-09-25 20:00:26,1365579.37595126,112813.24798508931,871924.5999884106,0.6959995010433074,1252766.1279661702
2024-09-26 20:00:10,1404230.588312453,112813.24798508931,910577.0798618462,0.7050990035730995,1291417.3403273632
2024-09-27 20:00:22,1402480.1091832586,111980.29959876218,909422.6949147217,0.7047057955068815,1290499.8095844963
2024-09-28 20:00:35,1362084.9724815432,111980.29959876218,869027.558213006,0.695163834728336,1250104.672882781
2024-09-29 20:00:18,1361395.579190397,111980.29959876218,868338.0739453019,0.6949955616271268,1249415.2795916346
2024-09-30 20:00:33,1368189.677409347,111980.29959876218,875131.7719078814,0.6966448327532202,1256209.3778105846
2024-10-01 20:00:17,1341754.614026582,111980.29959876218,848696.7085251171,0.6901239508486502,1229774.3144278198
2024-10-02 20:00:32,1341985.7526457948,111980.29959876218,848927.8471443303,0.6901821817466925,1230005.4530470327
2024-10-03 20:00:22,1349343.1712534074,111980.29959876218,856285.2657519423,0.6920243732599537,1237362.871654645
2024-10-04 20:00:08,1372314.8077545927,111980.29959876218,879367.5293585325,0.6977255035611589,1260334.5081558304
2024-10-05 20:00:23,1372434.7320979624,111980.29959876218,879487.4537019021,0.6977542630859527,1260454.4324992
2024-10-06 20:00:10,1372400.881988916,111980.29959876218,879454.8552663965,0.6977471389737808,1260420.582390154
2024-10-07 20:00:29,1370302.5698858898,111980.29959876218,872737.330287496,0.6935721880598615,1258322.270287128
2024-10-08 20:00:18,1399560.0292562412,111980.29959876218,901992.91663447,0.7005336414191744,1287579.7296574789
2024-10-09 20:00:05,1402481.3564565934,111980.29959876218,904913.327434405,0.7012108379343196,1290501.056857831
2024-10-10 20:00:19,1404221.8017057648,111980.29959876218,906653.8174037118,0.7016132943613177,1292241.502107003
2024-10-11 20:00:32,1414162.2376766084,111980.29959876218,912720.0032983344,0.7009158832640564,1302181.9380778463
2024-10-12 20:00:22,1416977.7579960937,111980.29959876218,915535.52361782,0.7015611545651512,1304997.4583973314
2024-10-13 20:00:20,1414458.9357420087,111980.29959876218,913017.3271898476,0.7009844936062614,1302478.6361432464
2024-10-14 20:00:34,1436630.1940011529,111980.29959876218,935187.6735248516,0.7059885615638515,1324649.8944023908
2024-10-15 20:00:18,1428585.438319598,111980.29959876218,927141.4695119988,0.7041909850152757,1316605.1387208358
2024-10-16 20:00:32,1431430.3687960326,111980.29959876218,929986.4089196718,0.704828799990483,1319450.0691972703
2024-10-17 20:00:17,1437132.4368711207,111980.29959876218,935688.2803156886,0.7060987595293569,1325152.1372723586
2024-10-18 20:00:31,1448842.5295114492,111980.29959876218,947398.3774109774,0.7086731573476003,1336862.2299126869
2024-10-19 20:00:19,1448626.1648728263,111980.29959876218,947182.0127723546,0.7086259998852766,1336645.8652740642
2024-10-20 20:00:33,1448588.3809774502,111980.29959876218,947145.2123362832,0.7086184989689119,1336608.081378688
2024-10-21 20:00:18,1446696.8529774528,111980.29959876218,945252.9065086064,0.7082049773907434,1334716.5533786905
2024-10-22 20:00:33,1428425.6395262885,111980.29959876218,926981.5097858846,0.704154955523575,1316445.339927526
2024-10-23 20:00:17,1421298.0456216566,111980.29959876218,919853.81753106,0.7025443749809035,1309317.7460228947
2024-10-24 20:00:31,1428847.1659112445,111980.29959876218,927403.1971036457,0.7042497771248352,1316866.8663124822
2024-10-25 20:00:16,1432424.3065439956,111980.29959876218,930980.3466676348,0.7050509841923558,1320444.0069452336
2024-10-26 20:00:34,1434846.1121711335,111701.20973693916,932359.1042260268,0.7046538157013358,1323144.9024341945
2024-10-27 20:00:18,1438219.8337230615,111701.20973693916,935732.794486649,0.7054049431095195,1326518.6239861224
2024-10-28 20:00:32,1440250.4065026962,111701.20973693916,937763.121412115,0.705855021172736,1328549.196765757
2024-10-29 20:00:16,1452518.354133693,111701.20973693916,950030.8589352104,0.7085461749242759,1340817.1443967535
2024-10-30 20:00:30,1480927.8700728996,111701.20973693916,971735.7408622596,0.7096967719163674,1369226.6603359606
2024-10-31 20:00:17,1456876.4901691582,111701.20973693916,947684.213433228,0.7045061169491066,1345175.2804322192
2024-11-01 20:00:32,1474006.4284014702,111701.20973693916,924977.2070221616,0.6789794198461029,1362305.2186645311
2024-11-02 20:00:14,1473245.100187093,111701.20973693916,924215.8788077844,0.6787999162496481,1361543.8904501535
2024-11-03 20:00:30,1471077.2023615737,111701.20973693916,922034.4431384364,0.6782777157614835,1359375.9926246344
2024-11-04 20:00:13,1466667.945382421,111701.20973693916,917748.7240276252,0.6773219591921764,1354966.7356454816
2024-11-05 20:00:30,1500205.704818129,111701.20973693916,951257.1510200684,0.6850947579859622,1388504.49508119
2024-11-06 20:00:15,1540942.986994582,111701.20973693916,991579.8222715076,0.6937803232802927,1429241.7772576427
2024-11-07 20:00:28,1546699.7701084744,111701.20973693916,997545.3216563878,0.6951542316517125,1434998.5603715351
2024-11-08 20:00:13,1539314.8958538796,111701.20973693916,989950.0392365536,0.6934299165547951,1427613.6861169403
2024-11-09 20:00:29,1537618.295182051,111701.20973693916,988461.0251130016,0.6932107309763004,1425917.085445112
2024-11-10 20:00:13,1553966.5173712096,111701.20973693916,1004601.6607538832,0.6965442872655094,1442265.3076342703
2024-11-11 20:00:29,1606043.794158921,111701.20973693916,901969.6271882585,0.6035895895566303,1494342.584421982
2024-11-12 20:00:13,1599676.0116413713,111701.20973693916,895601.8419736456,0.6018931508970319,1487974.8019044322
2024-11-13 20:00:28,1600397.4639016788,111701.20973693916,896323.2953515301,0.6020860822642619,1488696.2541647395
2024-11-14 20:00:16,1589185.8587813852,111701.20973693916,885111.6898289395,0.5990665895590728,1477484.649044446
2024-11-15 20:00:30,1587827.458154619,111701.20973693916,883753.2888296482,0.5986976315724887,1476126.2484176797
2024-11-16 20:00:12,1587163.4041892686,111701.20973693916,883089.2348642974,0.5985170194022407,1475462.1944523293
2024-11-17 20:00:25,1584104.2615865818,111701.20973693916,880030.0920827729,0.597682876965837,1472403.0518496428
2024-11-18 20:00:11,1603264.7995380946,111701.20973693916,899190.6292147714,0.6028510184635476,1491563.5898011555
2024-11-19 20:00:23,1607406.5018160655,111701.20973693916,904077.3655146484,0.6044488645606932,1495705.2920791265
2024-11-20 20:00:09,1611720.2919846647,111701.20973693916,908391.1545805912,0.6055863990872696,1500019.0822477257
2024-11-21 20:00:24,1637729.563946732,111701.20973693916,934400.4278986152,0.6123086935579685,1526028.354209793
2024-11-22 20:00:09,1580414.2458878888,37550.47550918891,951439.536842108,0.6166711248969017,1542863.7703786998
2024-11-23 20:00:21,1577903.3255851348,37550.47550918891,948928.616539354,0.6160462627069946,1540352.850075946
2024-11-24 20:00:33,1578827.4889808353,37550.47550918891,949852.7782512638,0.6162764836878802,1541277.0134716465
2024-11-25 20:00:17,1564205.3685509565,37550.47550918891,935230.6587154327,0.6126012257112294,1526654.8930417676
2024-11-26 20:00:33,1551849.509137838,37550.47550918891,922874.7974396856,0.6094402604406614,1514299.033628649
2024-11-27 20:00:17,1511873.5151837012,37550.47550918891,882898.8044094387,0.5988503066494552,1474323.0396745123
2024-11-28 20:00:21,1516734.8750713945,37550.47550918891,855007.914079588,0.578026589742729,1479184.3995622057
2024-11-29 20:00:06,1534804.6742710334,37550.47550918891,873077.7356428469,0.5831192434556801,1497254.1987618443
2024-11-30 20:00:19,1534153.7983707737,37550.47550918891,872426.8597425873,0.5829379411469309,1496603.3228615846
2024-12-02 20:00:37,1530015.2715164116,37550.47550918891,868287.2712113142,0.581780738503337,1492464.7960072227
2024-12-03 20:00:20,1529961.4704427538,37550.47550918891,868232.9523461262,0.5817653148453089,1492410.994933565
2024-12-04 20:00:22,1539432.764698287,37550.47550918891,877705.0884791748,0.5844033815413514,1501882.289189098
2024-12-05 20:00:06,1534114.935522275,37550.47550918891,873877.4769866301,0.583922377108293,1496564.4600130862
2024-12-06 20:00:20,1540641.1666291931,37550.47550918891,880403.689460158,0.5857289215224527,1503090.6911200045
2024-12-07 20:00:04,1541062.315670372,37550.47550918891,880824.8385013373,0.5858449630878256,1503511.8401611832
2024-12-08 20:00:19,1540901.723526958,37550.47550918891,880663.8626770643,0.5858004666828566,1503351.2480177693
2024-12-09 20:00:32,1531474.5790526175,37550.47550918891,871237.0758074946,0.5831869729800953,1493924.1035434287
2024-12-10 20:00:13,1499702.1617212016,37550.47550918891,839465.0459049317,0.5741299304449926,1462151.6862120128
2024-12-11 20:00:25,1524143.930536851,37550.47550918891,863906.4235614975,0.5811315936039972,1486593.4550276622
2024-12-12 20:00:09,1524152.0383709944,37550.47550918891,863914.2333857442,0.5811336776228411,1486601.5628618055
2024-12-13 20:00:21,1524114.541130547,37550.47550918891,863876.7510484558,0.5811231221221336,1486564.065621358
2024-12-14 20:00:09,1523607.2679739129,37550.47550918891,863369.4778918214,0.5809801363377679,1486056.792464724
2024-12-15 20:00:24,1538964.3035514725,37550.47550918891,878726.2340751105,0.5852658458733494,1501413.8280422832
2024-12-16 20:00:09,1543752.6338688317,37550.47550918891,883514.2663825729,0.5865841191894058,1506202.1583596428
2024-12-17 20:00:27,1539902.6312098077,37550.47550918891,879664.2264745319,0.5855246542141797,1502352.1557006186
2024-12-18 20:00:11,1497464.9847696107,37550.47550918891,840951.6846530924,0.5760280340518775,1459914.509260422
2024-12-19 20:00:28,1480441.8759319312,37550.47550918891,823928.1995772517,0.5710257884521698,1442891.4004227424
2024-12-20 20:00:14,1494661.6387557157,37550.47550918891,838147.9847468934,0.575212108648905,1457111.1632465264
2024-12-21 20:00:30,1493781.443177034,37550.47550918891,837267.789168212,0.5749553523841735,1456230.967667845
2024-12-22 20:00:14,1483445.639770545,37550.47550918891,826931.978319025,0.5719169679507629,1445895.1642613562
2024-12-23 20:00:29,1495763.5401066083,37550.47550918891,839249.7966965934,0.5755330390818381,1458213.0645974197
2024-12-24 20:00:12,1511521.1906486957,37550.47550918891,855007.5850795822,0.5800709446243363,1473970.7151395069
2024-12-25 20:00:26,1512741.466945386,37550.47550918891,856227.7533416898,0.5804182362231584,1475190.9914361972
2024-12-26 20:00:09,1500761.8619828047,37550.47550918891,844248.1260332509,0.5769830209344631,1463211.386473616
2024-12-27 20:00:24,1488879.7450248194,37550.47550918891,832366.0202481948,0.5735197640753088,1451329.2695156306
2024-12-28 20:00:08,1492052.0397755357,37550.47550918891,835538.3149989108,0.5744499253394463,1454501.5642663469
2024-12-29 20:00:24,1486091.3030609086,37550.47550918891,829577.5708238223,0.5726987842144219,1448540.8275517195
2024-12-30 20:00:08,1473596.569557402,37550.47550918891,817082.7888983702,0.5689808929426592,1436046.094048213
2024-12-31 20:00:21,1480950.9731956031,37550.47550918891,824437.1925365715,0.5711770183383188,1443400.497686414
2025-01-01 20:00:08,1484469.6528184395,37550.47550918891,827955.8535260182,0.5722198354338757,1446919.1773092507
2025-01-02 20:00:24,1494128.430453573,37550.47550918891,837614.6460643106,0.5750565173810369,1456577.9549443838
2025-01-03 20:00:10,1519723.67566274,37550.47550918891,821487.9796965688,0.5542456034230439,1482173.200153551
2025-01-04 20:00:30,1521928.0063661835,37550.47550918891,823692.3104000123,0.5549075577319332,1484377.530856995
2025-01-05 20:00:15,1522943.8200128376,37550.47550918891,824707.3492244864,0.5552114207836756,1485393.3445036486
2025-01-06 20:00:30,1553416.0620060037,37550.47550918891,855179.5017986964,0.5641525933542878,1515865.5864968144
2025-01-07 20:00:13,1521920.440113808,37550.47550918891,823683.7271802033,0.5549046038529902,1484369.9646046192
2025-01-08 20:00:26,1509532.1183234511,37550.47550918891,767798.6559974656,0.5216088527636266,1471981.6428142623
2025-01-09 20:00:11,1500190.5684306126,37550.47550918891,758451.136130212,0.5185493955763988,1462640.0929214235
2025-01-10 20:00:24,1491617.5633999812,37550.47550918891,749878.1310995804,0.5157108205972271,1454067.0878907922
2025-01-11 20:00:07,1491643.0884544642,37550.47550918891,749903.6561540635,0.5157193217804251,1454092.6129452754
2025-01-12 20:00:21,1495035.2238094378,37550.47550918891,753295.7915090373,0.5168464317637269,1457484.7483002488
2025-01-13 20:00:22,1476579.5080366798,37550.47550918891,734844.255003061,0.5106528349274445,1439029.032527491
2025-01-14 20:00:07,1482515.020399107,37550.47550918891,740784.5444837842,0.5126662429909101,1444964.5448899178
2025-01-15 20:00:22,1494701.8042264602,37550.47550918891,752975.5075779194,0.5167448930927188,1457151.328717271
2025-01-16 20:00:22,1499072.1359027612,37550.47550918891,757338.6735767757,0.5181850492539621,1461521.6603935724
2025-01-17 20:00:23,1517727.4009087172,37550.47550918891,775994.5364342468,0.5242579607331677,1480176.9253995284
2025-01-18 20:00:07,1512994.3875262863,37550.47550918891,771261.5230518158,0.5227318482052055,1475443.9120170977
2025-01-19 20:00:21,1493624.2793865856,37550.47550918891,751930.8190207827,0.5164098255311352,1456073.8038773965
2025-01-20 20:00:05,1495439.2679213237,37550.47550918891,753888.5004776107,0.5171097441734719,1457888.7924121346
2025-01-21 20:00:19,1516069.293607043,37550.47550918891,774696.4439273068,0.5239679295553168,1478518.8180978545
2025-01-22 20:00:33,1518622.306587695,37550.47550918891,777239.9055182767,0.5247820458190041,1481071.8310785058
2025-01-23 20:00:16,1516537.3003877634,37550.47550918891,775064.1483052681,0.5240507455966696,1478986.8248785746
2025-01-24 20:00:27,1517786.0516925142,37550.47550918891,776320.660292067,0.5244575071582529,1480235.5761833254
2025-01-25 20:00:10,1519016.6958406835,37550.47550918891,777551.3044402362,0.5248525371481305,1481466.2203314945
2025-01-26 20:00:23,1519105.9793310734,36568.52025589808,762100.7953061514,0.5140516286054311,1482537.4590751752
2025-01-27 20:00:09,1487131.1508894144,36568.52025589808,730085.9677512218,0.5033122681730504,1450562.6306335162
2025-01-28 20:00:23,1477393.843293052,36568.52025589808,720348.6601548595,0.499955580067414,1440825.323037154
2025-01-29 20:00:05,1491353.531328718,36568.52025589808,734308.3481905252,0.5047538588873797,1454785.0110728198
2025-02-05 20:00:17,1467999.470037011,36568.52025589808,710827.1153408247,0.4965849840326009,1431430.9497811128
2025-02-06 20:00:32,1472939.036416426,36568.52025589808,715669.3657281444,0.4982484377646203,1436370.516160528
2025-02-07 20:00:13,1474602.116139674,36568.52025589808,717332.4454513922,0.4988287113073597,1438033.5958837755
2025-02-08 20:00:27,1474739.6392311985,36568.52025589808,767944.9464674124,0.53397327782147,1438171.1189753003
2025-02-09 20:00:10,1475154.2829623718,36568.52025589808,768359.5968513276,0.5341076053788961,1438585.7627064737
2025-02-10 20:00:16,1501876.2949372642,36568.52025589808,795080.5207368603,0.5426030861739966,1465307.7746813665
2025-02-11 20:00:20,1492856.810675481,36568.52025589808,786060.8562144203,0.5397700863116477,1456288.2904195832
2025-02-12 20:00:28,1503920.9032804598,36568.52025589808,797124.8420253842,0.5432402272604218,1467352.3830245617
2025-02-13 20:00:07,1491308.203546056,36568.52025589808,784513.4773912354,0.5392810042941261,1454739.6832901582
2025-02-14 20:00:18,1509221.59283169,36568.52025589808,802426.833317666,0.5448851791781177,1472653.072575792
2025-02-15 20:00:02,1509838.3121764385,36568.52025589808,803043.5526624146,0.5450756929018238,1473269.7919205404
2025-02-16 20:00:13,1500945.582537494,36568.52025589808,794153.2462130843,0.5423147266290427,1464377.062281596
2025-02-17 20:00:21,1498844.1894253574,36568.52025589808,792051.1922194777,0.5416565487062679,1462275.6691694593
2025-02-20 20:00:31,1526290.4738934,36568.52025589808,820988.0393471166,0.5511015242424827,1489721.9536375022
2025-02-21 20:00:12,1508357.9649054462,36568.52025589808,803055.4969999591,0.5456320534974192,1471789.444649548
2025-02-22 20:00:24,1510392.602183971,36568.52025589808,805090.134278484,0.5462593155794119,1473824.081928073
2025-02-23 20:00:09,1508316.144718444,36568.52025589808,803014.0706616433,0.5456194100906999,1471747.6244625458
2025-02-24 20:00:22,1477547.5488473405,36568.52025589808,772245.6416820509,0.5359173356165504,1440979.0285914424
2025-02-25 20:00:32,1452231.3710584063,36568.52025589808,746929.2235667947,0.5276180152240181,1415662.8508025082
2025-02-26 20:00:13,1459472.8310969565,36568.52025589808,754170.1295497206,0.5300216773564637,1422904.310841058
2025-02-27 20:00:24,1441603.26060009,36568.52025589808,725868.3560691955,0.5166195078503036,1405034.740344192
2025-02-28 20:00:05,1424309.3056338748,36568.52025589808,708574.3677437775,0.5105956207454002,1387740.7853779767
2025-03-01 20:00:17,1432036.632800501,36568.52025589808,716301.6949104032,0.5133056703131998,1395468.112544603
2025-03-02 20:00:28,1458718.11867637,36568.52025589808,742983.3810369861,0.522436867304389,1422149.598420472
2025-03-03 20:00:14,1404444.7796233017,36568.52025589808,688709.9084834418,0.503488457941325,1367876.259367403
2025-03-04 20:00:32,1399627.7350744228,36568.52025589808,683894.1790129293,0.501734753397329,1363059.214818525
2025-03-05 20:00:15,1420485.360390083,36568.52025589808,704752.7722547883,0.5092450296265312,1383916.8401341848
2025-03-06 20:00:30,1387518.8992977634,36568.52025589808,671786.5648261056,0.4972696075651253,1350950.3790418652
2025-03-07 20:00:12,1388709.915428924,36568.52025589808,672977.2939344259,0.4977122188085284,1352141.395173026
2025-03-08 20:00:20,1386922.8637403797,36568.52025589808,671190.242245882,0.4970474938555231,1350354.3434844818
2025-03-09 20:00:24,1364238.7686467848,36568.52025589808,648507.2886545692,0.4884550884834157,1327670.2483908867
2025-03-10 20:00:04,1352594.314088025,36568.52025589808,636861.15852796,0.4839275654875184,1316025.7938321268
2025-03-11 20:00:17,1368096.902775508,36568.52025589808,652365.8366538674,0.4899376124596123,1331528.38251961
2025-03-12 20:00:25,1385004.9040566366,36568.52025589808,669273.2171291338,0.4963328082580377,1348436.3838007385
2025-03-13 20:00:06,1368944.4091231397,36568.52025589808,653212.2682494541,0.4902612496273868,1332375.8888672416
2025-03-14 20:00:18,1391424.495002729,36568.52025589808,675692.7746841914,0.4987192640977589,1354855.9747468308
2025-03-15 20:00:30,1392994.729451807,36568.52025589808,677263.0091332694,0.4992995597856752,1356426.2091959089
2025-03-16 20:00:08,1386637.973326201,36568.52025589808,670906.2463549214,0.4969420238560015,1350069.453070303
2025-03-17 20:00:17,1397400.0760098726,36568.52025589808,681668.6827897835,0.5009206906670399,1360831.5557539745
2025-03-18 20:00:27,1428226.7872608537,36568.52025589808,719946.0978784328,0.5173296598365762,1391658.2670049556
2025-03-19 20:00:07,1451030.6954469066,36568.52025589808,742749.8191510867,0.5251111215121649,1414462.1751910085
2025-03-20 20:00:18,1445169.0955235057,36568.52025589808,736887.0443343684,0.523134135590122,1408600.575267607
2025-03-22 20:00:13,1438198.061436695,36568.52025589808,729915.9768565231,0.520762409332218,1401629.541180797
2025-03-23 20:00:24,1445629.568859752,36568.52025589808,737347.4576049501,0.5232899300818366,1409061.048603854
2025-03-24 20:00:28,1460006.8382432272,35675.82011591851,764837.0308574133,0.5369798320217802,1424331.0181273087
2025-03-26 20:00:28,1444981.0168315722,35675.82011591851,757260.5915204867,0.5373290280098743,1409305.1967156536
2025-03-27 20:00:17,1447052.631626335,35675.82011591851,759332.4065977952,0.5380082770278609,1411376.8115104164
2025-03-28 20:00:05,1406219.2442742714,35675.82011591851,718507.1900541978,0.5242498540281065,1370543.424158353
2025-03-29 20:00:20,1399619.529361795,35675.82011591851,711907.4751417213,0.5219478416270819,1363943.7092458764
2025-03-30 20:00:04,1409801.7434530552,35675.82011591851,722081.6319031032,0.5254843239908394,1374125.9233371366
2025-03-31 20:00:22,1404722.9911990806,35675.82011591851,717003.2868669612,0.5237243113396034,1369047.171083162
2025-04-01 20:00:06,1419254.1277967505,35675.82011591851,731533.5556478739,0.5287258058230748,1383578.3076808318
2025-04-02 20:00:21,1475815.0965412832,35675.82011591851,744137.6454759043,0.5167122775256587,1440139.276425365
2025-04-03 20:00:05,1407301.2532393266,35675.82011591851,675622.8809760989,0.4925709779510276,1371625.433123408
2025-04-12 20:00:17,1441261.025405724,35675.82011591851,706451.2926501007,0.5026029656483496,1405585.2052898055
2025-04-13 20:00:29,1433566.2977330731,35675.82011591851,698758.0936756767,0.4998661231792495,1397890.4776171546
2025-04-14 20:00:10,1450220.289636011,35675.82011591851,715410.7304564713,0.5057534392674033,1414544.4695200925
2025-04-15 20:00:21,1448572.433997367,35675.82011591851,713762.6611979671,0.5051768502984441,1412896.6138814483
2025-04-16 20:00:02,1437805.434391212,35675.82011591851,702996.3157887085,0.501377553566658,1402129.6142752934
2025-04-17 20:00:18,1444492.2042260894,35675.82011591851,709683.5061787334,0.5037445008328605,1408816.3841101709
2025-04-18 20:00:01,1443151.771219332,35675.82011591851,708343.0398127729,0.503271859996937,1407475.9511034137
2025-04-19 20:00:19,1445160.9911007653,35675.82011591851,710352.2596942058,0.5039799455271055,1409485.1709848468
2025-04-20 20:00:05,1445145.0755487836,35675.82011591851,710336.3441422246,0.5039743445301839,1409469.2554328651
2025-04-21 20:00:26,1441468.0797720738,35675.82011591851,706659.8890519923,0.5026773224835049,1405792.2596561552
2025-04-22 20:00:07,1472065.444573318,35675.82011591851,737255.8920783517,0.5132701319510382,1436389.6244573996
2025-04-23 20:00:28,1492881.157029129,35224.180302151515,756583.2581288938,0.5190406729488067,1457656.976726978
2025-04-25 20:00:18,1521727.9418452135,35224.180302151515,785430.0162385163,0.5283740522951671,1486503.761543062
2025-04-26 20:00:07,1521503.0702146331,35224.180302151515,785205.1446079358,0.5283026960398879,1486278.8899124817
2025-04-27 20:00:22,1518319.8529776568,35224.180302151515,782021.9273709598,0.5272902765336722,1483095.6726755053
2025-04-28 20:00:08,1520845.864052471,35224.180302151515,784547.4177493532,0.5280936770987572,1485621.6837503195
2025-04-29 20:00:19,1523273.1624870512,35224.180302151515,776843.931482824,0.5220553495101926,1488048.9821848995
2025-04-30 20:00:30,1515420.0680959844,35224.180302151515,768990.7302659116,0.5195195694078426,1480195.887793833
2025-05-01 20:00:14,1525430.0331566606,35224.180302151515,779000.6953265875,0.5227470378232654,1490205.8528545091
2025-05-02 20:00:04,1537958.6062512754,35224.180302151515,791529.2350619993,0.5267259612835921,1502734.425949124
2025-05-03 20:00:22,1534094.9381759989,35224.180302151515,787665.5669867223,0.5255059936615404,1498870.7578738474
2025-05-04 20:00:10,1528272.3914998365,35224.180302151515,781843.0536697635,0.5236555978608279,1493048.211197685
2025-05-05 20:00:22,1528682.4107706214,35224.180302151515,782253.0729405486,0.5237863751269229,1493458.23046847
2025-05-08 20:00:26,1563663.3501917708,35224.180302151515,817236.4556050316,0.5346869353420527,1528439.169889619
2025-05-09 20:00:51,1562418.4012176536,35224.180302151515,815991.346423977,0.5343075132479335,1527194.2209155022
2025-05-10 20:00:33,1571067.088464273,35224.180302151515,824640.7479331576,0.536930400596745,1535842.9081621212
2025-05-11 20:00:37,1568626.0209874976,35224.180302151515,822198.9661938213,0.5361927606832294,1533401.8406853462
2025-05-12 20:00:40,1607230.043685337,35224.180302151515,845010.5707045341,0.5375365260317466,1572005.8633831856
2025-05-13 20:00:38,1632001.064240563,35224.180302151515,869781.2975523465,0.5447106019014076,1596776.8839384117
2025-05-14 20:00:43,1643365.8096410097,35224.180302151515,881145.922789632,0.5479280597641702,1608141.6293388582
2025-05-17 20:00:46,1654325.541146655,35224.180302151515,892105.5875450397,0.5509881031041368,1619101.360844504
2025-05-18 20:00:50,1666598.3207012294,35224.180302151515,904378.3670996138,0.554366006364658,1631374.140399078
2025-05-19 20:00:35,1663960.020201823,35224.180302151515,901739.7061107242,0.5536439267931076,1628735.8398996715
2025-05-20 20:00:45,1668454.4684610695,35224.180302151515,905786.7999860584,0.5545983359193756,1633230.2881589185
2025-05-21 20:00:44,1666675.3915897824,35224.180302151515,904008.8913553464,0.5541133471235422,1631451.211287631
2025-05-22 20:00:45,1674662.3287616544,35224.180302151515,911995.7083640572,0.5562855233184695,1639438.1484595027
2025-05-23 20:00:45,1658499.7318761991,35224.180302151515,895833.0780875672,0.5518675355018448,1623275.5515740474
2025-05-24 20:00:41,1660233.0157999904,35224.180302151515,897566.3620113586,0.552345527239167,1625008.835497839
2025-05-25 20:00:40,1661320.5683644912,35224.180302151515,898655.5434153591,0.5526459255506982,1626096.3880623395
2025-05-26 20:00:40,1663555.7682833294,35224.180302151515,900890.2960725878,0.5532597308325393,1628331.587981178
2025-05-27 20:00:41,1671969.881205385,35224.180302151515,909303.8415698736,0.5555559675935465,1636745.7009032338
2025-05-28 20:00:42,1666430.851364112,35224.180302151515,903764.871794265,0.554046821795971,1631206.6710619605
2025-05-29 20:00:49,1670297.942069773,35224.180302151515,896606.0284539559,0.5483581532643922,1635073.761767622
2025-05-30 20:00:42,1654085.6426989364,35224.180302151515,880392.8212225847,0.5438345662507342,1618861.4623967847
2025-05-31 20:00:40,1656712.671193931,35224.180302151515,883019.5092499849,0.544573405368018,1621488.4908917795
2025-06-01 20:00:41,1659492.8118451333,35224.180302151515,885799.990368782,0.5453531350459634,1624268.6315429818
2025-06-02 20:00:45,1647772.0596600922,35224.180302151515,811649.3980503393,0.503333518613729,1612547.8793579408
2025-06-03 20:00:42,1658860.0604286164,35224.180302151515,822841.3954731663,0.5067893642563968,1623635.8801264649
2025-06-04 20:00:42,1658985.4601505871,35224.180302151515,822991.2649961495,0.5068425237193541,1623761.2798484354
2025-06-05 20:00:42,1643168.0246074428,35224.180302151515,807255.9774753749,0.5020423942878107,1607943.844305291
2025-06-06 20:00:37,1661257.738635125,35224.180302151515,825226.8387791693,0.5075091067771075,1626033.558332974
2025-06-07 20:00:40,1664382.4390679314,35224.180302151515,828466.0205425974,0.5085239669534793,1629158.25876578
2025-06-08 20:00:40,1666070.752204066,35224.180302151515,830039.8523481098,0.5089625637684031,1630846.571901915
2025-06-09 20:00:47,1680504.0263738534,35224.180302151515,846579.2026371959,0.5145502782754573,1645279.846071702
2025-06-10 20:00:42,1677973.0511804903,35224.180302151515,843990.7242164724,0.5137673439794912,1642748.8708783388
2025-06-11 20:00:41,1665829.8567772554,35224.180302151515,831794.2563653812,0.5101136763877082,1630605.676475104
2025-06-12 20:00:40,1661325.2606823044,35224.180302151515,827464.7021751298,0.5088642472223704,1626101.080380153
2025-06-13 20:00:40,1648402.0231097776,35224.180302151515,814470.4333387944,0.5048857055470488,1613177.842807626
2025-06-14 20:00:42,1647621.790480314,35224.180302151515,813586.1900684397,0.5045816149395943,1612397.6101781626
2025-06-15 20:00:43,1646231.3871518425,35224.180302151515,812299.7973808595,0.5042185993502188,1611007.206849691
2025-06-16 20:00:44,1666351.3006591883,35224.180302151515,861744.9174275197,0.5283125433159941,1631127.120357037
2025-06-17 20:00:38,1670683.6295745317,35224.180302151515,895683.2687752618,0.5476646144750049,1635459.4492723802
2025-06-18 20:00:40,1673784.508018538,35224.180302151515,898784.1472192685,0.5485206324211923,1638560.3277163866
2025-06-19 20:00:41,1673272.4832397767,35224.180302151515,898272.122440507,0.5483795079971534,1638048.3029376252
2025-06-20 20:00:41,1676016.1510227164,35224.180302151515,945717.8503125586,0.5763788872621313,1640791.9707205647
2025-06-21 20:00:41,1675383.6398013292,35224.180302151515,945085.3390911716,0.5762155219833034,1640159.4594991778
2025-06-22 20:00:43,1669669.657325772,35224.180302151515,939371.356615614,0.5747339815374206,1634445.4770236204
2025-06-23 20:00:43,1680540.648019002,35224.180302151515,950242.347308844,0.5775438135785895,1645316.4677168506
2025-06-24 20:00:42,1691178.209227663,34328.94704543357,961326.929118396,0.5802138740444236,1656849.2621822294
2025-06-25 20:00:46,1697077.8621711764,34328.94704543357,967226.5820619096,0.581703330709294,1662748.9151257428
2025-06-26 20:00:42,1715868.585835903,34328.94704543357,986017.305726636,0.5863776761372559,1681539.6387904694
2025-06-27 20:00:43,1739690.5108955707,34328.94704543357,979564.0155566182,0.5744025409749999,1705361.5638501372
2025-06-28 20:00:43,1741455.425057313,34328.94704543357,981328.9297183604,0.5748425452701177,1707126.4780118794
2025-06-29 20:00:37,1745399.3415662884,34328.94704543357,985272.8462273356,0.5758225081693605,1711070.3945208548
2025-06-30 20:00:42,1735277.0516506264,34328.94704543357,975150.5563116736,0.5732982409466373,1700948.1046051928
2025-07-01 20:00:37,1727016.764994399,34328.94704543357,966890.2696554464,0.5712159438986393,1692687.8179489654
2025-07-02 20:00:42,1745709.050998599,34328.94704543357,985582.5556596464,0.5758992718116925,1711380.1039531657
2025-07-03 20:00:43,1755733.5078764574,34328.94704543357,995607.0125375052,0.5783689872744769,1721404.5608310238
2025-07-04 20:00:39,1750770.2036698945,34328.94704543357,990643.708330942,0.5771497885567802,1716441.256624461
2025-07-05 20:00:40,1751720.7479561104,34328.94704543357,991594.2526171578,0.5773838282512749,1717391.8009106768
2025-07-06 20:00:36,1755553.7216661486,34328.94704543357,995427.2263271958,0.5783249468661324,1721224.774620715
2025-07-07 20:00:34,1750705.5891966654,34328.94704543357,990579.0938577128,0.5771338699973009,1716376.642151232
2025-07-08 20:00:46,1753016.2843502632,34328.94704543357,992889.7890113108,0.5777023938329103,1718687.3373048296
2025-07-09 20:00:42,1770813.9365290066,34328.94704543357,1010687.441190054,0.5820306235360148,1736484.989483573
2025-07-10 20:00:44,1793222.1981672489,34328.94704543357,1033095.702828296,0.5873555442715991,1758893.2511218153
2025-07-11 20:00:43,1798653.804058708,34328.94704543357,1034504.1233117356,0.5863456036452317,1764324.8570132744
2025-07-12 20:00:36,1797961.2770185452,34328.94704543357,1033811.5962715724,0.5861831736138189,1763632.3299731116
2025-07-13 20:00:40,1803422.8414996087,34328.94704543357,1039273.1607526356,0.5874607130862811,1769093.8944541751
2025-07-14 20:00:44,1801054.6323908586,34328.94704543357,1036904.9516438858,0.5869077244106253,1766725.685345425
2025-07-15 20:01:08,1796947.6499692856,34328.94704543357,1032797.9692223128,0.5859452004617312,1762618.702923852
2025-07-16 20:00:56,1795903.2785205275,34328.94704543357,1020629.2812388357,0.5793847372788343,1761574.331475094
2025-07-17 20:00:36,1798251.3031309603,34328.94704543357,963463.6936978964,0.5462052739305387,1763922.3560855268
2025-07-18 20:00:41,1822279.91997392,34328.94704543357,987547.3832387864,0.5523347106220043,1787950.972928486
2025-07-19 20:00:37,1821938.5900343484,34328.94704543357,1058629.457023918,0.592203930637715,1787609.6429889149
2025-07-20 20:00:42,1822840.7048649965,34328.94704543357,1059531.5718545665,0.5924096205810121,1788511.757819563
2025-07-21 20:00:40,1815138.9379305325,34328.94704543357,1051793.59625143,0.5906265135724375,1780809.990885099
2025-07-22 20:00:38,1806109.3775790047,34328.94704543357,1042764.0358999026,0.5885402152149712,1771780.4305335716
2025-07-23 20:00:36,1805507.742120864,34328.94704543357,1042162.4004417616,0.5884004502195828,1771178.7950754303
2025-07-24 20:00:54,1807457.6088428143,34328.94704543357,1044112.2671637118,0.588853076293583,1773128.661797381
2025-07-25 20:00:29,1816452.573561663,34328.94704543357,1053107.2318825608,0.5909282701903341,1782123.6265162297
2025-07-26 20:00:35,1815580.9141398512,33877.75425226746,1142094.7596106797,0.6410129281483342,1781703.1598875837
2025-07-27 20:00:39,1822773.4298642045,33877.75425226746,1149287.275335033,0.6424562879788338,1788895.675611937
2025-07-28 20:00:41,1828248.738401156,33877.75425226746,1154762.5838719844,0.6435472898708932,1794370.9841488882
2025-07-29 20:00:45,1825041.4849863504,33877.75425226746,1151555.330457179,0.642909026516091,1791163.7307340829
2025-07-30 20:00:43,1836920.5850001583,33877.75425226746,1153823.934572429,0.6399315173748977,1803042.830747891
2025-07-31 20:00:42,1829720.2251712088,33877.75425226746,1146623.5747434795,0.6384878369408128,1795842.4709189415
2025-08-01 20:00:43,1794789.7239047629,33877.75425226746,1111693.0734770335,0.6313166658163036,1760911.969652495
2025-08-02 20:00:50,1791177.7588921178,33877.75425226746,1108081.1084643882,0.6305588718708754,1757300.0046398505
2025-08-03 20:00:44,1797432.870036448,33877.75425226746,1114336.219608718,0.6318692337059274,1763555.1157841804
2025-08-04 20:00:50,1809916.5929960152,33877.75425226746,1126819.9425682856,0.6344568136614194,1776038.8387437477
2025-08-05 20:00:39,1807277.6547203527,33877.75425226746,1124181.0042926238,0.6339128608250729,1773399.900468086
2025-08-06 20:00:56,1802622.850750538,33877.75425226746,1119526.2003228085,0.6329494298184776,1768745.0964982708
2025-08-07 20:00:42,1837201.415533558,33877.75425226746,1154104.7651058284,0.6399875906279733,1803323.6612812907
2025-08-08 20:00:51,1848520.4730626,33877.75425226746,1165423.8226348704,0.6422332123862456,1814642.718810333
2025-08-09 20:00:46,1848922.1828342248,33877.75425226746,1165825.5324064957,0.6423123941474654,1815044.4285819568
2025-08-10 20:00:55,1857362.8718025235,33877.75425226746,1174266.2213747937,0.6439680862064565,1823485.117550256
2025-08-11 20:00:46,1859502.6466370127,33877.75425226746,1176405.996209283,0.6443853833919782,1825624.8923847447
2025-08-12 20:00:40,1874923.353765274,33877.75425226746,1191826.7033375443,0.647364032511094,1841045.5995130064
2025-08-13 23:43:10,1877479.318076992,33877.75425226746,1194382.6676492624,0.6478529260798648,1843601.5638247244
2025-08-14 20:00:41,1855365.9731195024,33877.75425226746,1172269.3226917728,0.6435777681948419,1821488.218867235
2025-08-15 20:00:50,1850210.659989999,33877.75425226746,1167114.0095622689,0.6425661319438728,1816332.9057377311
2025-08-16 20:00:38,1850480.6011003016,33877.75425226746,1167383.9506725725,0.6426192454217972,1816602.8468480343
2025-08-17 20:00:52,1850904.9390987088,33877.75425226746,1167808.2886709787,0.642702706052068,1817027.184846441
2025-08-18 20:00:47,1844502.1956811675,33877.75425226746,1161405.5452534377,0.6414392287430326,1810624.4414289
2025-08-19 20:00:57,1816158.210320307,33877.75425226746,1133061.5598925774,0.6357369604962566,1782280.4560680394
2025-08-20 20:00:47,1796633.017829602,33877.75425226746,1113536.3674018723,0.6317021939517924,1762755.2635773346
2025-08-21 20:01:00,1787419.6383971665,33877.75425226746,1104322.987969437,0.6297671004921284,1753541.884144899
2025-08-23 20:00:59,1807064.408684552,27087.66033159832,1130977.78631313,0.6353890787391718,1779976.748352954
2025-08-24 20:00:45,1798394.5922548007,27087.66033159832,1122307.969883379,0.6336044587511602,1771306.9319232022
2025-08-25 20:00:58,1783911.5713798755,27087.66033159832,1107824.9490084534,0.6305839430130631,1756823.9110482773
2025-08-26 20:00:39,1790631.637676911,27087.66033159832,1114545.015305489,0.6319916200690551,1763543.9773453127
2025-08-27 20:00:50,1793886.641062082,27087.66033159832,1117800.01869066,0.6326696080776011,1766798.9807304838
2025-08-28 20:00:46,1800204.6712911257,27087.66033159832,1124118.048919703,0.6339784920970241,1773117.010959527
2025-08-29 20:01:01,1741872.3342154725,27087.66033159832,1065785.7118440506,0.6215274302808622,1714784.673883874
2025-08-30 20:01:00,1743252.518203381,27087.66033159832,1067165.8958319589,0.6218318076710603,1716164.8578717825
2025-08-31 20:00:41,1741165.4508512358,27087.66033159832,1065078.828479814,0.6213713487046152,1714077.7905196375
2025-09-01 20:00:52,1743626.8486326742,27087.66033159832,1067540.2262612523,0.6219142758504904,1716539.188301076
2025-09-02 20:00:42,1747635.0321513691,27087.66033159832,1071548.4097799473,0.6227950635538753,1720547.371819771
2025-09-03 20:00:58,1768843.5584931618,27087.66033159832,1095468.7120936122,0.6289450279742917,1741755.898161563
2025-09-04 20:00:50,1774589.4876389373,27087.66033159832,1101214.641239388,0.6301650871153646,1747501.827307339
2025-09-05 20:00:46,1769697.254669977,27087.66033159832,1096322.4082704275,0.6291268060455453,1742609.5943383786
2025-09-06 20:00:53,1768135.3430073028,27087.66033159832,1094760.4966077534,0.6287940919144077,1741047.6826757044
2025-09-07 20:00:47,1772333.340084967,27087.66033159832,1098958.493685417,0.6296869870153284,1745245.6797533685
2025-09-08 20:00:51,1768115.5006865128,27087.66033159832,1094740.6542869636,0.6287898613176667,1741027.8403549143
2025-09-09 20:00:47,1759142.0010856716,27087.66033159832,1085767.1546861215,0.6268666802990825,1732054.340754073
2025-09-10 20:01:01,1779243.8616096005,27087.66033159832,1105869.0152100506,0.6311475052300947,1752156.2012780018
2025-09-11 20:00:54,1787908.029119854,27087.66033159832,1114533.1827203045,0.632962454590012,1760820.3687882558
2025-09-12 20:00:57,1792553.131229505,27087.66033159832,1119178.2848299555,0.6339281641462787,1765465.4708979067
2025-09-13 20:01:00,1794242.7537623208,27087.66033159832,1123564.9316548144,0.6358043704435393,1767155.0934307226
2025-09-14 20:01:10,1791445.0255531922,27087.66033159832,1120767.2034456858,0.6352268681718702,1764357.3652215938
2025-09-15 20:01:13,1796713.8728187203,27087.66033159832,1126036.0507112143,0.6363129358988339,1769626.212487122
2025-09-16 20:01:01,1805698.9175409093,27087.66033159832,1135021.0954334035,0.6381501808406869,1778611.2572093117
2025-09-17 20:00:57,1812541.5337140115,27087.66033159832,1141863.711606505,0.6395369427513279,1785453.8733824133
2025-09-18 20:00:55,1826152.847708213,27087.66033159832,1155475.0256007067,0.6422641234504753,1799065.187376615
2025-09-19 20:00:51,1819857.9899104624,27087.66033159832,1149180.1678029562,0.6410080247551327,1792770.3295788644
2025-09-20 20:00:50,1822088.295016372,27087.66033159832,1151609.6950899963,0.6415650628960554,1795000.634684774
2025-09-21 20:00:56,1819226.556397133,27087.66033159832,1149641.9976725392,0.6414915719961581,1792138.8960655346
2025-09-22 20:00:53,1822676.950868628,27087.66033159832,1153092.392144034,0.6421804798129332,1795589.2905370293
2025-09-23 20:00:38,1815394.9901555143,27087.66033159832,1145810.4314309207,0.6407234440758803,1788307.329823916
2025-09-24 20:00:53,1812579.2248244707,27087.66033159832,1142994.6660998769,0.6401568558653583,1785491.5644928725
2025-09-25 20:00:48,1789184.5750728992,27087.66033159832,1119600.0163483054,0.635379363633173,1762096.914741301
2025-09-26 20:00:41,1792825.3870767965,27087.66033159832,1123240.828352203,0.6361311826432365,1765737.726745198
2025-09-27 20:00:52,1792670.3137768868,27087.66033159832,1123085.755052293,0.636099223596668,1765582.6534452883
2025-09-29 20:00:51,1831997.231259097,27087.66033159832,1152719.4778247802,0.6386577457353867,1804909.5709274984
2025-09-30 20:00:45,1859501.8781006744,27087.66033159832,1180224.124666358,0.6440815145514722,1832414.217769076
2025-10-01 20:01:35,1869010.9177184307,26655.3914105366,1190031.1780180417,0.6459291711208859,1842355.526307894
2025-10-02 00:00:53,1906525.2212835737,26655.3914105366,1227545.4815831843,0.6529949372431231,1879869.829873037
2025-10-03 00:00:52,1909232.1563764832,26655.3914105366,1230280.8769876838,0.6535090095037576,1882576.7649659463
2025-10-04 00:00:53,1889805.26789407,26655.3914105366,1210853.9885052706,0.6498961805427103,1863149.8764835333
2025-10-05 00:00:53,1889596.6960091456,26655.3914105366,1210645.4166203465,0.6498569834872995,1862941.304598609
2025-10-06 00:00:53,1893199.45006836,26655.3914105366,1214248.1706795606,0.6505328202928629,1866544.058657824
2025-10-07 00:00:52,1918120.7162817311,26655.3914105366,1239169.4368929318,0.6551372740482658,1891465.3248711943
2025-10-08 00:00:53,1919219.463565908,26655.3914105366,1240268.184177108,0.6553374876046404,1892564.0721553708
2025-10-09 00:00:53,1976210.7980241168,26655.3914105366,1297259.5186353177,0.6654130035158556,1949555.40661358
2025-10-10 00:00:54,1941290.9480333948,26655.3914105366,1262339.6686445957,0.6593106788798915,1914635.5566228584
2025-10-11 00:00:54,1889033.5323383503,26655.3914105366,1210261.2101967742,0.6498471946163614,1862378.1409278137
2025-10-12 00:00:53,1880575.6677314448,26655.3914105366,1201803.345589869,0.6482497445763089,1853920.276320908
2025-10-13 00:00:53,1897443.4033517733,26655.3914105366,1218671.0812101974,0.6514212585452879,1870788.011941237
2025-10-14 00:00:54,1907878.6475235664,26655.3914105366,1229106.3253819903,0.6533548431256169,1881223.2561130296
2025-10-15 00:00:54,1880270.9392699853,26655.3914105366,1201498.6171284097,0.6481919179604948,1853615.5478594487
2025-10-16 00:00:54,1888863.33076594,26655.3914105366,1210091.008624364,0.6498151914459309,1862207.939355404
2025-10-17 00:00:54,1869386.8406172672,26655.3914105366,1190614.5184756916,0.6461139625029104,1842731.4492067304
2025-10-18 00:00:53,1856527.0875125064,26655.3914105366,1177754.7653709303,0.6436269646007465,1829871.6961019696
2025-10-19 00:00:54,1859285.0796358408,26655.3914105366,1180512.7574942647,0.6441632835477302,1832629.688225304
2025-10-20 00:00:54,1864598.4269279065,26655.3914105366,1185826.1047863308,0.6451919792239523,1837943.0355173696
2025-10-21 00:00:54,1868855.511292884,26655.3914105366,1190083.1891513085,0.6460118943143448,1842200.1198823475
2025-10-22 00:00:53,1869120.2758008933,26655.3914105366,1190347.9536593177,0.6460627628478169,1842464.884390357
2025-10-23 00:00:54,2337458.592942663,26202.26152809997,1188895.781562376,0.5143937370351015,2311256.331414563
2025-10-24 00:00:54,2360659.726097578,26202.26152809997,1212096.9147172912,0.5192199614315212,2334457.4645694783
2025-10-25 00:00:54,2381740.829449775,26202.26152809997,1233178.0180694885,0.5235227454405634,2355538.567921676
2025-10-26 00:00:54,2385145.2618371006,26201.06947316425,1235856.1909872328,0.5239022588952226,2358944.1923639365
2025-10-27 00:00:54,2394209.2219063253,26201.06947316425,1244920.1510564568,0.5257246052034426,2368008.1524331607
2025-10-28 00:00:55,2408960.147026791,26201.06947316425,1259671.0761769223,0.5286606976103619,2382759.0775536266
2025-10-29 00:00:55,2411354.272552946,26201.06947316425,1262065.2017030783,0.5291338099680396,2385153.203079782
2025-10-30 00:00:54,2398671.5175574664,26201.06947316425,1249382.4467075982,0.5266166529983278,2372470.4480843022
2025-10-31 00:00:55,2379936.8791333875,26201.06947316425,1230647.8082835197,0.5228487425108136,2353735.809660224
2025-11-01 00:00:55,2390176.0432173684,26201.06947316425,1240886.9723675002,0.5249154437545123,2363974.9737442043
2025-11-02 00:00:53,2403435.2390834107,26201.06947316425,1267496.140465422,0.5331810204769315,2377234.1696102466
2025-11-03 00:00:54,2406064.7338111755,26201.06947316425,1270125.6351931868,0.5336968055043977,2379863.664338012
2025-11-04 00:00:54,2383886.7007740256,26201.06947316425,1247947.6021560372,0.5293104329042704,2357685.631300861
2025-11-05 00:00:54,2343081.047952363,26201.06947316425,1207141.9493343742,0.5210204933130559,2316879.978479198
2025-11-06 00:00:54,2341407.563657993,26201.06947316425,1205468.465040005,0.5206742759524107,2315206.4941848293
2025-11-07 00:00:54,2319510.892603172,26201.06947316425,1183571.7939851834,0.5160976428251608,2293309.823130008
2025-11-08 00:00:54,2318066.363388228,26201.06947316425,1182127.2647702396,0.5157926462383303,2291865.293915064
2025-11-09 00:00:54,2313984.374186634,26201.06947316425,1178045.2755686454,0.5149286967614216,2287783.30471347
2025-11-10 00:00:53,2322421.835115152,26201.06947316425,1186482.7364971635,0.5167110907846185,2296220.765641988
2025-11-11 00:00:54,2313569.9863997,26201.06947316425,1177630.8877817113,0.5148408195404073,2287368.916926536
2025-11-12 00:00:54,2287886.391470633,26201.06947316425,1151947.292852644,0.5093313741079023,2261685.321997469
2025-11-13 00:00:54,2290006.8871899094,26201.06947316425,1154067.7885719207,0.5097909809843599,2263805.817716745
2025-11-14 00:00:54,2254120.241142877,26201.06947316425,1118181.1425248878,0.5018948428397731,2227919.1716697123
2025-11-15 00:00:55,2232815.2876776606,26201.06947316425,1096876.189059672,0.4970856165117031,2206614.2182044964
2025-11-16 00:00:56,2234186.278308775,26201.06947316425,1129284.7140518583,0.5114548365328004,2207985.2088356107
2025-11-17 00:00:54,2227848.273672809,26201.06947316425,1122946.709415893,0.5100484343149396,2201647.2041996447
2025-11-18 00:00:55,2178960.2683197064,26201.06947316425,1074058.70406279,0.4989218973670048,2152759.1988465423
2025-11-19 00:00:55,2179422.145253051,26201.06947316425,1074520.5809961346,0.4990293811827697,2153221.075779887
2025-11-20 00:00:55,2157859.436428706,26201.06947316425,1052957.87217179,0.4939618320151535,2131658.366955542
2025-11-21 00:00:55,2139592.2868354265,26201.06947316425,1034690.72257851,0.4895878785140001,2113391.2173622623
2025-11-22 00:00:55,2145243.478090599,26201.06947316425,1040341.9138336824,0.4909490766220444,2119042.4086174346
2025-11-23 00:00:54,2144129.3737634155,26201.06947316425,1039227.809506499,0.4906812980408038,2117928.304290252
2025-11-24 00:00:55,2151089.2757888185,26201.06947316425,1046187.7115319022,0.4923495308705619,2124888.2063156543
2025-11-25 00:00:55,2175526.136039968,26201.06947316425,1070624.5717830518,0.4981212886021005,2149325.066566804
2025-11-26 00:00:54,2168300.0701240506,26201.06947316425,1063398.5058671343,0.4964282722432604,2142099.0006508864
2025-11-27 00:01:05,2207537.1328975013,26201.06947316425,1102635.568640585,0.5054863334123901,2181336.063424337
2025-11-28 00:00:54,2209793.532647839,26201.06947316425,1104891.9683909228,0.5059973355946401,2183592.4631746747
2025-11-29 00:00:54,2210573.8379352028,26201.06947316425,1105672.273678286,0.5061738040512024,2184372.7684620386
2025-11-30 00:00:55,2210145.2583789104,26201.06947316425,1105243.694121994,0.5060768950674378,2183944.188905746
2025-12-01 00:00:54,2208519.064096225,26201.06947316425,1103617.499839309,0.5057088392060526,2182317.9946230603
2025-12-02 00:00:55,2187868.6243300405,26201.06947316425,1082967.060073124,0.5009868689752468,2161667.554856876
2025-12-03 00:00:55,2220489.0392960063,26201.06947316425,1115587.47503909,0.5084052277464558,2194287.969822842
2025-12-04 00:00:55,2222202.670296199,26201.06947316425,1117301.1060392829,0.508788839507463,2196001.600823035
2025-12-05 00:00:55,2237029.880131779,26201.06947316425,1132128.3158748625,0.5120832107926063,2210828.8106586146
2025-12-06 00:00:54,2225906.953963261,26201.06947316425,1121005.3897063446,0.509616034402799,2199705.884490097
2025-12-07 00:00:55,2233111.5596861336,25745.70448772317,1123559.7891250143,0.5090047879824716,2207365.855198411
2025-12-08 00:00:55,2236047.5583578628,25745.70448772317,1126495.7877967432,0.5096569890778943,2210301.8538701395
2025-12-09 00:00:57,2242836.937730507,25745.70448772317,1133285.1671693877,0.5111585622535753,2217091.233242784
2025-12-10 00:00:55,2239848.657788338,25745.70448772317,1130296.8872272184,0.5104987938985666,2214102.953300615
2025-12-11 00:00:56,2246916.4391892403,25745.70448772317,1137364.6686281208,0.5120563902895834,2221170.734701517
2025-12-12 00:00:56,2239216.2748584333,25745.70448772317,947119.7677448834,0.4278890265915127,2213470.57037071
2025-12-13 00:00:55,2199574.486764891,25745.70448772317,907477.9796513416,0.4174560512998286,2173828.782277168
2025-12-14 00:00:54,2199883.8120102817,25745.70448772317,907787.3048967322,0.4175389326721109,2174138.1075225584
2025-12-15 00:01:00,2192304.181496047,25745.70448772317,900207.6743824974,0.4155012126077217,2166558.477008324
2025-12-16 00:00:54,2185090.201788184,25745.70448772317,892993.6946746345,0.4135485077953169,2159344.497300461
2025-12-17 00:00:54,2201699.153347444,25745.70448772317,909602.646233894,0.4180248647830951,2175953.4488597205
2025-12-18 00:00:55,2173594.809766731,25745.70448772317,881498.3026531813,0.4104097911192294,2147849.105279008
2025-12-19 00:00:55,2152733.883692537,25745.70448772317,860637.3765789872,0.4046272494569016,2126988.1792048137
2025-12-20 00:00:56,2175666.552801813,25745.70448772317,883570.0456882634,0.4109779419931367,2149920.8483140897
2025-12-21 00:00:55,2176420.557636419,25745.70448772317,884324.0505228692,0.4111844471646537,2150674.8531486955
2025-12-22 00:00:54,2177125.1635196325,25745.70448772317,885028.6564060829,0.4113772922254884,2151379.4590319097
2025-12-23 00:00:55,2177041.101527406,25745.70448772317,884944.5944138563,0.4113542917590934,2151295.3970396826
2025-12-24 00:00:55,2174978.7935971986,25745.70448772317,882882.2864836488,0.4107894536694793,2149233.089109476
2025-12-25 00:00:55,2176923.718498552,25745.70448772317,884827.2113850021,0.4113221712113258,2151178.014010829
2025-12-26 00:00:54,2174241.8773911498,25745.70448772317,882145.3702776002,0.4105873593833262,2148496.172903427
2025-12-27 00:00:54,2180009.8057082635,25745.70448772317,887913.298594714,0.412165480588777,2154264.1012205407
2025-12-28 00:00:54,2181801.785470442,25745.70448772317,889705.2783568923,0.4126540520928237,2156056.0809827186
2025-12-29 00:00:55,2179399.62045236,25745.70448772317,887303.1133388099,0.4119989320296064,2153653.9159646365
2025-12-30 00:00:56,2170118.748987169,25745.70448772317,878022.2418736195,0.4094540565718468,2144373.044499446
2025-12-31 00:00:57,2174803.118684873,25745.70448772317,882706.6115713237,0.4107412885946964,2149057.41419715
2026-01-01 00:00:55,2169474.954921228,25289.14744734637,872572.976348099,0.4069483965925969,2144185.8074738816
2026-01-02 00:00:55,2174118.8017440606,25289.14744734637,877216.8231709315,0.4082300434643033,2148829.6542967143
2026-01-03 00:00:55,2187499.9999779547,25289.14744734637,890598.0214048254,0.4118923093751413,2162210.852530608
2026-01-04 00:00:55,2189677.5299835,25289.14744734637,892775.5514103707,0.4124839879080518,2164388.382536154
2026-01-05 00:00:56,2192347.3990366785,25289.14744734637,895445.4204635493,0.4132078220817667,2167058.251589332
2026-01-06 00:00:55,2187580.987653739,25289.14744734637,890679.0090806097,0.411914336686205,2162291.8402063926
2026-01-07 00:00:55,2185095.78114958,25289.14744734637,888193.8025764505,0.4112376491102598,2159806.633702233
2026-01-08 00:00:55,2165328.018561541,25289.14744734637,868426.0399884122,0.4057991897765262,2140038.871114195
2026-01-09 00:00:58,2157850.02338904,25289.14744734637,860948.0448159099,0.4037155771394961,2132560.8759416933
2026-01-10 00:00:56,2162138.509890641,25289.14744734637,865236.5313175118,0.4049122724908375,2136849.362443295
2026-01-11 00:00:55,2161717.9553894866,25289.14744734637,864815.976816357,0.4047951298921908,2136428.8079421404
2026-01-12 00:00:55,2162143.970718877,25289.14744734637,865241.9921457474,0.4049137932641861,2136854.82327153
2026-01-13 00:00:56,2163005.789335476,25289.14744734637,866103.8107623472,0.4051537017541129,2137716.641888129
2026-01-14 00:00:56,2176314.674912049,25289.14744734637,879412.69633892,0.4088341514828213,2151025.527464703
2026-01-15 00:00:56,2178317.835699193,25289.14744734637,881415.8571260638,0.4093841674918554,2153028.688251847
2026-01-16 00:00:55,2174701.6651135264,25289.14744734637,877799.6865403968,0.4083905156993814,2149412.51766618
2026-01-17 00:00:56,2178063.797412477,25289.14744734637,881161.8188393476,0.4093144718392239,2152774.6499651303
2026-01-17 04:26:09,2181874.9370740866,25289.14744734637,925657.048422393,0.4292233830320309,2156585.7896267404
2026-01-18 00:00:56,2181526.1350981942,25289.14744734637,925308.2464465006,0.4291310518027031,2156236.987650848
2026-01-19 00:00:56,2176487.127714736,25289.14744734637,920269.2390630422,0.4277938374359457,2151197.980267389
2026-01-20 00:00:55,2171912.251664936,25289.14744734637,915694.3630132424,0.426574353557514,2146623.1042175894
2026-01-21 00:00:56,2121457.5662982124,25289.14744734637,865239.6776465188,0.4127720224507767,2096168.418850866
2026-01-22 00:00:56,2133805.7566650733,25289.14744734637,877587.8680133794,0.4162110292026441,2108516.609217727
2026-01-23 00:00:56,2148779.0600750325,25289.14744734637,892561.171423339,0.4203274835993217,2123489.9126276863
2026-01-24 00:00:55,2142971.1282694666,25289.14744734637,886753.239617773,0.4187376799955205,2117681.9808221203
2026-01-25 00:00:55,2141629.259805208,25289.14744734637,885411.3711535146,0.4183691297931588,2116340.1123578614
2026-01-26 00:00:55,2131945.2891139504,25289.14744734637,875727.4004622571,0.4156954631283382,2106656.141666604
2026-01-27 00:00:55,2137809.946149812,25289.14744734637,881592.0574981177,0.4173175753060523,2112520.7987024654
2026-01-28 00:00:56,2136727.1571330773,25289.14744734637,880509.2684813838,0.4170187637251258,2111438.009685731
2026-01-29 00:00:56,2145157.8749601366,25289.14744734637,888939.9863084436,0.4193372800736691,2119868.7275127904
2026-01-30 00:00:55,2131431.09228542,25289.14744734637,875213.2036337259,0.4155528100937257,2106141.944838073
2026-01-31 00:00:54,2117106.6868826547,25289.14744734637,860888.7982309613,0.4115506166294793,2091817.5394353084
2026-02-01 00:00:55,2098673.824350856,25289.14744734637,842455.9356991615,0.4063191674384925,2073384.6769035088
2026-02-03 00:00:55,2112507.5661767907,25289.14744734637,856289.6775250968,0.4102539867611687,2087218.4187294445
2026-02-04 00:00:55,2094045.6151512223,25289.14744734637,837827.7264995285,0.4049909883445286,2068756.467703876
2026-02-05 00:00:55,2102342.9659485,25289.14744734637,846125.0772968062,0.4073679120685414,2077053.8185011533
2026-02-06 00:00:55,2040130.7361972807,25289.14744734637,783912.847545587,0.3890692210854894,2014841.5887499345
2026-02-07 00:00:55,2090182.6313101505,25289.14744734637,833964.7426584564,0.4038778509283469,2064893.483862804
2026-02-08 00:00:55,2086098.8334949072,25289.14744734637,829880.9448432135,0.4026965471201987,2060809.686047561
2026-02-09 00:00:55,2089448.5763698453,25289.14744734637,833230.6877181516,0.4036658583843507,2064159.4289224988
2026-02-10 00:00:56,2087766.3679895808,25289.14744734637,831548.4793378871,0.4031794732352338,2062477.220542234
2026-02-11 00:00:56,2099324.721714451,25289.14744734637,843106.8330627573,0.4065054830897407,2074035.5742671045
2026-02-12 00:00:56,2086009.8772070128,25289.14744734637,829791.9885553188,0.4026707629869352,2060720.729759666
2026-02-13 00:00:56,2041979.2281746296,25289.14744734637,785761.339522936,0.3896291983741821,2016690.0807272831
2026-02-14 00:00:55,2068778.6748846588,25289.14744734637,812560.7862329654,0.3976339371075598,2043489.5274373123
2026-02-15 00:00:56,2073015.037673145,25289.14744734637,816797.1490214518,0.3988801200981959,2047725.8902257988
2026-02-16 00:00:56,2069701.5911328413,25289.14744734637,813483.702481148,0.3979058653226879,2044412.443685495
2026-02-17 00:00:56,2069868.86373102,25289.14744734637,813650.9750793257,0.3979551242728051,2044579.7162836727
2026-02-18 00:00:56,2059767.5670866584,25289.14744734637,803549.6784349647,0.3949659385315202,2034478.419639312
2026-02-19 00:00:56,2058007.9788721555,25289.14744734637,801790.090220462,0.3944422011668269,2032718.831424809
2026-02-20 00:00:56,2068384.195131158,25289.14744734637,812166.3064794646,0.3975176325742605,2043095.047683812
2026-02-21 00:00:56,2083581.3170933367,25289.14744734637,827363.4284416432,0.4019659796810785,2058292.1696459907
2026-02-22 00:00:56,2083399.814703548,25289.14744734637,827181.9260518543,0.4019132397552863,2058110.6672562007
2026-02-23 00:00:56,2082032.801002896,25289.14744734637,825814.9123512018,0.4015157216717761,2056743.653555549
2026-02-24 00:00:56,2059785.7650536045,25289.14744734637,803567.8764019106,0.3949713503811917,2034496.6176062576
2026-02-25 00:00:57,2057915.25397108,25289.14744734637,801697.365319386,0.3944145766633275,2032626.106523733
2026-02-26 00:00:57,2084457.235269602,25289.14744734637,828239.3466179084,0.402220368272044,2059168.087822256
2026-02-27 00:00:56,2072361.8676195056,25289.14744734637,816143.9789678119,0.398688317676948,2047072.72017216
2026-02-28 00:00:56,2159551.630005437,25289.14744734637,903333.7413537428,0.4232533480469668,2134262.4825580902
2026-03-01 00:00:56,2163049.5938986307,25289.14744734637,906831.7052469372,0.4241970641529513,2137760.4464512845
2026-03-02 00:00:56,2160784.226842544,25289.14744734637,904566.3381908508,0.4235862432645064,2135495.079395198
2026-03-03 00:00:57,2193435.7125769285,25289.14744734637,937217.8239252348,0.4322668213480396,2168146.5651295823
2026-03-04 00:00:56,2163180.4176491904,25289.14744734637,906962.5289974968,0.4242322992000748,2137891.270201844
2026-03-05 00:00:57,2186075.4261428327,25289.14744734637,929857.5374911393,0.430332951786659,2160786.2786954865
2026-03-06 00:00:57,2176504.4290769445,25289.14744734637,920286.5404252512,0.4277984394607459,2151215.2816295982
2026-03-07 00:00:59,2167066.1153472983,25289.14744734637,910848.2266956049,0.4252768800612823,2141776.967899952
2026-03-08 00:00:57,2164234.482708756,25289.14744734637,908016.5940570622,0.424516035584467,2138945.3352614096
2026-03-09 00:00:56,2159992.999612984,25289.14744734637,903775.11096129,0.4233725957089638,2134703.852165637
2026-03-10 00:00:57,2169173.7619479075,25289.14744734637,912955.8732962138,0.4258418886544861,2143884.6145005613
2026-03-11 00:00:57,2161828.2758847023,25289.14744734637,905610.3872330086,0.4238679157237636,2136539.128437356
2026-03-12 00:00:57,2173850.757300705,25289.14744734637,917632.8686490116,0.4270917177523435,2148561.609853359
2026-03-13 00:00:57,2184051.3039140743,25289.14744734637,927833.4152623806,0.429798814326529,2158762.156466728
2026-03-14 00:00:57,2194809.1459520846,25289.14744734637,938591.2573003912,0.4326262297408093,2169519.9985047383
2026-03-15 00:00:56,2192603.6037501018,25289.14744734637,936385.7150984082,0.4320488484609651,2167314.4563027555
2026-03-16 00:00:56,2200710.2684667143,25289.14744734637,944492.3798150208,0.4341653074382428,2175421.121019368
2026-03-17 00:00:56,2226381.117919324,25289.14744734637,970163.2292676304,0.4407645124704168,2201091.9704719777
2026-03-18 00:00:56,2210054.445023326,25289.14744734637,953836.5563716324,0.4365853656820365,2184765.2975759795
2026-03-19 00:00:56,2184795.029343515,25289.14744734637,928577.1406918216,0.4299951893978997,2159505.881896169
2026-03-20 00:00:57,2209444.646995597,25289.14744734637,953226.758343904,0.4364280650077615,2184155.499548252
2026-03-21 00:00:57,2212159.8250430305,25289.14744734637,955941.9363913372,0.4371277854629841,2186870.6775956843
2026-03-22 00:00:56,2326527.3088568463,24364.112817235684,1123038.3312107327,0.4878187320267672,2302163.1960396105
2026-03-23 00:00:56,2323606.140472849,24364.112817235684,1120117.1628267353,0.4871680098718644,2299242.027655613
2026-03-24 00:00:56,2353934.131697788,24364.112817235684,1150445.1540516743,0.4938444196687023,2329570.018880552
2026-03-25 00:00:56,2403260.767357296,24364.112817235684,1199771.7897111822,0.5043396010589406,2378896.65454006
2026-03-26 00:00:56,2436209.01072354,24364.112817235684,1232720.0330774265,0.5111108239785804,2411844.897906304
2026-03-27 00:00:56,2396548.875755491,24364.112817235684,1193059.8981093771,0.5029371728328697,2372184.7629382554
2026-03-28 00:00:56,2371565.7468808326,24364.112817235684,1168076.7692347192,0.4976465388755222,2347201.6340635973
2026-03-29 00:00:56,2371559.864710296,24364.112817235684,1168070.8870641822,0.4976452799567781,2347195.7518930603
2026-03-30 00:00:57,2370448.152689658,24364.112817235684,1166959.1750435445,0.4974072348691321,2346084.0398724223
2026-03-31 00:00:57,2342612.819420103,24364.112817235684,1139123.8417739894,0.4913725772948871,2318248.706602867
2026-04-01 00:00:56,2344049.948598956,24364.112817235684,1140560.970952842,0.4916876903585006,2319685.83578172
2026-04-02 00:00:56,2365030.633943541,24364.112817235684,1161541.6562974278,0.496243974019206,2340666.5211263057
2026-04-03 00:00:57,2379239.2090292247,24364.112817235684,1175750.2313831109,0.4992834793125131,2354875.096211989
2026-04-04 00:00:57,2379588.92525343,24364.112817235684,1176099.947607316,0.4993578283470882,2355224.812436194
2026-04-05 00:00:58,2380774.793236464,24364.112817235684,1177285.8155903502,0.4996097774352728,2356410.680419228
2026-04-06 00:00:57,2385745.4244647245,24364.112817235684,1182256.446818611,0.5006630826572325,2361381.3116474887
2026-04-07 00:00:57,2382066.888281891,24364.112817235684,1178577.9106357773,0.4998840069666981,2357702.775464656
2026-04-08 00:00:57,2405172.7289496125,24364.112817235684,1201683.751303499,0.5047376522249126,2380808.6161323767
2026-04-09 00:00:57,2434768.718904166,24364.112817235684,1231279.7412580526,0.5108186974704308,2410404.6060869307
2026-04-10 00:00:57,2421119.349096767,24364.112817235684,1217630.3714506533,0.5080328408255711,2396755.2362795314
2026-04-11 00:00:58,2411719.6931254016,24364.112817235684,1208230.7154792878,0.5060958348413798,2387355.580308166
2026-04-12 00:00:57,2412471.641442225,24364.112817235684,1208982.663796111,0.5062513514591247,2388107.528624989
2026-04-13 00:00:58,2404469.866107291,24364.112817235684,1200980.8884611777,0.5045913975885499,2380105.753290056
2026-04-14 00:00:58,2462078.496872985,24364.112817235684,1258589.5192268712,0.516299008390348,2437714.384055749
2026-04-15 00:00:57,2442085.0024972903,24364.112817235684,1238596.0248511771,0.5122990127347101,2417720.8896800545
2026-04-16 00:00:57,2420186.5742976884,24364.112817235684,1216697.5966515748,0.5078413013540828,2395822.4614804527
2026-04-17 00:00:59,2484718.7668392737,24364.112817235684,1281229.78919316,0.5207500419090734,2460354.654022038
2026-04-18 00:00:58,2615287.367232208,23899.21139230892,1349537.9563214467,0.5207780059039615,2591388.155839899
2026-04-19 00:00:57,2610455.428703476,23899.21139230892,1344706.0177927152,0.5198827726198014,2586556.2173111667
2026-04-20 00:00:58,2604379.6572530647,23899.21139230892,1338630.2463423037,0.5187523309814442,2580480.445860756
2026-04-21 00:00:57,2640549.388831588,23899.21139230892,1374799.9779208263,0.5254045763451045,2616650.177439279
2026-04-22 00:00:56,2672556.940953112,23899.21139230892,1406807.5300423498,0.5311397974685182,2648657.729560802
2026-04-23 00:00:57,2691219.1188278054,23899.21139230892,1425469.707917044,0.5344202260641344,2667319.9074354963
2026-04-24 00:00:57,2680879.4387517967,23899.21139230892,1415130.0278410355,0.5326084150981412,2656980.227359488
2026-04-25 00:00:57,2694499.265774907,23899.21139230892,1428749.854864146,0.534992071358454,2670600.054382598
2026-04-26 00:00:56,2694104.043528225,23433.26691931341,1429944.6848948337,0.5354252936824014,2670670.776608912
2026-04-27 00:00:57,2699407.325093881,23433.26691931341,1435247.9664604906,0.536345994116084,2675974.058174568
2026-04-28 00:00:57,2694225.5580085204,23433.26691931341,1430066.1993751277,0.5354464306888936,2670792.291089206
2026-04-29 00:00:56,2656090.560768646,23433.26691931341,1391931.202135255,0.5287172034838027,2632657.2938493327
2026-04-30 00:00:57,2652791.86019387,23433.26691931341,1388632.5015604787,0.5281259487056501,2629358.593274557
2026-05-01 00:00:57,2667182.9023983977,23433.26691931341,1403023.5437650064,0.5306945578115452,2643749.635479084
2026-05-02 00:00:57,2679799.9027165445,23433.26691931341,1415640.5440831536,0.5329236277123659,2656366.6357972315
2026-05-03 00:00:58,2691394.0371701727,23433.26691931341,1418854.8303524763,0.531812478719118,2667960.7702508587
2026-05-05 00:00:57,2702020.9403104205,23433.26691931341,1429481.7334927244,0.5336699439384011,2678587.6733911075
2026-05-06 00:00:57,2724140.940398122,23433.26691931341,1451601.7335804254,0.5374893950334887,2700707.6734788087
2026-05-07 00:00:58,2811213.4261256387,23433.26691931341,1537885.710936346,0.5516524342343332,2787780.159206325
2026-05-08 00:00:57,2774491.6545669134,23433.26691931341,1501165.0508684574,0.5456681899623684,2751058.3876476
2026-05-09 00:00:57,2889713.466831933,23433.26691931341,1616386.9673098645,0.5639319447411808,2866280.19991262
2026-05-10 00:00:57,2897346.5652630804,23433.26691931341,1624020.065741011,0.5650901391760609,2873913.2983437674
2026-05-11 00:00:57,2902690.095697085,23433.26691931341,1629363.5961750166,0.565897275953209,2879256.8287777714
2026-05-12 00:00:58,2853411.625115537,23433.26691931341,1580085.7855428783,0.5583384696093563,2829978.358196224
2026-05-13 00:00:58,2815545.881701072,23433.26691931341,1542220.3663063387,0.552348912483562,2792112.6147817583
2026-05-14 00:01:00,2830799.981321663,23433.26691931341,1557474.6048839877,0.5547813176290197,2807366.7144023497
2026-05-15 00:01:01,2852635.9005152616,23433.26691931341,1579311.1840269954,0.5582177696546512,2829202.633595948
2026-05-16 00:01:01,2825809.186663442,23433.26691931341,1552481.6220247615,0.5539876399475029,2802375.9197441284
2026-05-17 00:01:00,2818469.5951023265,23433.26691931341,1545144.8207014843,0.5528174375128594,2795036.328183013
2026-05-18 00:01:01,2820171.378291224,23433.26691931341,1546843.871509913,0.5530885660048895,2796738.11137191
2026-05-19 00:01:02,2796572.762649548,23433.26691931341,1523246.3210400557,0.5492858629670009,2773139.495730235
2026-05-20 00:01:01,2787008.3092100653,23433.26691931341,1513680.2003919207,0.5477253836889545,2763575.042290752
2026-05-21 00:01:02,2815998.0176884136,23433.26691931341,1542671.518166345,0.552421037951395,2792564.7507691
2026-05-22 00:01:15,2855637.591480465,23433.26691931341,1582310.8604185071,0.558685277999385,2832204.324561152
2026-05-23 00:00:58,3008334.208829247,23433.26691931341,1735008.403982049,0.5812616357284804,2984900.941909933
2026-05-24 00:00:55,3038256.178491196,22966.42840511612,1745207.977568898,0.578786160606647,3015289.75008608
2026-05-25 00:00:57,3037488.445526069,22966.42840511612,1744440.7068770356,0.578679039983619,3014522.0171209523
2026-05-26 00:01:00,3042311.056197817,22966.42840511612,1749263.8777487734,0.5793521751863009,3019344.6277927016
2026-05-27 00:00:57,3073482.144567902,22966.42840511612,1780434.8682180685,0.5836504492616285,3050515.716162786
2026-05-28 00:00:57,3069610.597335283,22966.42840511612,1776563.7125886085,0.5831214983049534,3046644.168930168
2026-05-29 00:00:58,3110255.7259937325,22966.42840511612,1817208.7977298324,0.5886098199962007,3087289.2975886166
2026-05-30 00:00:57,3499271.06456774,22966.42840511612,2206224.8651006585,0.634646584810253,3476304.636162624
2026-05-31 00:00:58,3513798.9968665387,22966.42840511612,2210183.8843733,0.6331394706069888,3490832.5684614223
2026-06-01 00:00:58,3513053.3809081656,22966.42840511612,2209438.268414928,0.6330610951771113,3490086.9525030497
2026-06-02 00:00:58,3678738.579098035,22966.42840511612,2375123.685951733,0.6496913888633759,3655772.150692919
2026-06-03 00:00:59,3545418.567259028,22966.42840511612,2241804.186038486,0.6364328307858554,3522452.138853912
2026-06-04 00:00:58,3482978.1573275737,22966.42840511612,2179362.496292632,0.6298714186646255,3460011.728922457
2026-06-05 00:00:58,3482425.606346996,22966.42840511612,2178809.1592026222,0.6298120738337059,3459459.17794188
2026-06-06 00:00:59,3368544.6474019354,22966.42840511612,2064928.108804884,0.6172111287310026,3345578.218996819
2026-06-07 00:00:58,3367541.651434476,22966.42840511612,2063925.1128374245,0.6170963351716807,3344575.2230293592
2026-06-08 00:00:58,3373224.3194568777,22966.42840511612,2069609.33494508,0.6177462757338236,3350257.891051762
2026-06-09 00:01:00,3396413.7923018592,22966.42840511612,2092795.571638116,0.6203729733671259,3373447.3638967434
2026-06-10 00:00:59,3321304.06420648,22966.42840511612,2093429.367747421,0.6346922598294887,3298337.635801364
2026-06-11 00:00:59,3269598.376211741,22966.42840511612,2041723.6797526807,0.628874388158485,3246631.9478066247
2026-06-12 00:00:59,3356374.7408135766,22966.42840511612,2128500.044354517,0.6385356502626075,3333408.312408461
2026-06-13 00:00:59,3372457.929276652,22966.42840511612,2144583.232817593,0.6402712866295,3349491.500871536
2026-06-14 00:00:59,3375294.307299899,22966.42840511612,2147419.61084084,0.6405756502400399,3352327.8788947826
2026-06-15 00:00:59,3379516.588877603,22966.42840511612,2151641.892418544,0.6410277783888881,3356550.160472486
2026-06-16 00:00:59,3414725.086492323,22966.42840511612,2229966.719044148,0.657466212617187,3391758.658087207
2026-06-17 00:01:00,3394756.974012284,22966.42840511612,2209998.6065641087,0.6554376900556106,3371790.545607168
2026-06-18 00:00:59,3446872.690962497,22966.42840511612,2262114.3235143228,0.6606823172269636,3423906.262557381
2026-06-19 00:00:58,3405741.4606014,22966.42840511612,2220983.093153225,0.6565565466265253,3382775.032196284
2026-06-20 00:00:59,3407886.048965651,22966.42840511612,2223127.681517476,0.6567741425863848,3384919.6205605348
2026-06-21 00:00:59,3410169.622679105,22966.42840511612,2225411.2552309297,0.6570055374867829,3387203.1942739883
2026-06-22 00:00:59,3407121.807098235,22966.42840511612,2222363.4396500587,0.6566966320879404,3384155.3786931187
2026-06-23 00:00:59,3441654.4658657108,0.0,2258857.0275362628,0.656328823808311,3441654.4658657108
2026-06-24 00:00:59,3466690.7675314937,0.0,2283777.8483685744,0.6587774917099891,3466690.7675314937
2026-06-25 00:00:58,3489701.403997124,0.0,2306635.008937853,0.6609834888153525,3489701.403997124
2026-06-26 00:00:59,3388269.654768933,0.0,2205358.97374436,0.6508805964248902,3388269.654768933
2026-06-27 00:00:59,3345520.1932845456,0.0,2162605.785581996,0.6464183925486354,3345520.1932845456
2026-06-28 00:00:58,3345246.6484648134,0.0,2162330.006176518,0.646388811769334,3345246.6484648134
2026-06-29 00:01:00,3345255.0308343326,0.0,2162282.50969199,0.6463729939157135,3345255.0308343326
2026-06-30 00:00:59,3404169.55171754,0.0,2221276.750931534,0.652516485205859,3404169.55171754
2026-07-01 00:00:59,3472977.248001433,0.0,2279332.70988846,0.6563051085923839,3472977.248001433
2026-07-02 00:00:59,3460559.471325674,0.0,2266683.9715457577,0.6550050621373759,3460559.471325674
2026-07-03 00:00:59,3342011.8377395384,0.0,2148391.1375762536,0.6428436647996366,3342011.8377395384
2026-07-04 00:00:59,3350645.4158379887,0.0,2244728.969486699,0.6699392776317683,3350645.4158379887
2026-07-05 00:01:00,3357097.1593357367,0.0,2250879.119934412,0.6704837581703444,3357097.1593357367
2026-07-06 00:00:59,3353821.685128542,0.0,2247905.238777251,0.6702518648337428,3353821.685128542
2026-07-07 00:01:00,3426946.2714516623,0.0,2320618.413351623,0.6771680176849121,3426946.2714516623
2026-07-08 00:01:00,3442459.252201488,0.0,2336270.71714773,0.6786632886514665,3442459.252201488
2026-07-09 00:01:00,3494012.594973283,0.0,2387574.9181745285,0.6833332317145769,3494012.594973283
2026-07-10 00:00:59,3563045.2556495364,0.0,2456907.5305993613,0.689552715252131,3563045.2556495364
2026-07-11 00:00:59,3505438.820019524,0.0,2399579.7410619115,0.6845304865564723,3505438.820019524
2026-07-12 00:01:01,3511753.114518428,0.0,2405477.707723425,0.6849791626235355,3511753.114518428
2026-07-13 00:00:59,3503952.7599257254,0.0,2398093.680968113,0.6843966928991776,3503952.7599257254
2026-07-14 00:00:59,3469617.793019397,0.0,2363689.87318937,0.6812536752448445,3469617.793019397
2026-07-15 00:00:59,3591225.1002328587,0.0,2485436.495633392,0.6920859668396263,3591225.1002328587
2026-07-16 00:00:59,3425076.317300224,0.0,2319361.469661812,0.6771707415530002,3425076.317300224
2026-07-17 00:00:59,3341248.308036397,0.0,2235446.596472462,0.6690453358691564,3341248.308036397
2026-07-18 00:01:00,3350351.984266952,0.0,2244476.507926242,0.6699225987198258,3350351.984266952
2026-07-19 00:00:59,3354459.4594968664,0.0,2248505.3101064614,0.6703033192846257,3354459.4594968664
2026-07-20 00:00:59,3352619.774922604,0.0,2246744.298581893,0.6701458708164304,3352619.774922604
2026-07-21 00:00:58,3297272.9717456694,0.0,2191566.322798806,0.6646602636719303,3297272.9717456694
2026-07-22 00:00:59,3392230.373064496,0.0,2286397.51585154,0.6740100949529673,3392230.373064496
2026-07-23 00:00:59,3532582.5660820347,0.0,2426636.6153831785,0.6869299075080206,3532582.5660820347
2026-07-24 00:00:58,3517125.518891934,0.0,2411266.4399343203,0.6855787281353516,3517125.518891934
2026-07-25 00:01:00,3504490.2525339727,0.0,2398554.134012398,0.6844231146821104,3504490.2525339727
2026-07-26 00:00:59,3505692.5853281417,0.0,2399738.435937736,0.6845262034614806,3505692.5853281417
2026-07-27 00:01:00,3505884.2218776783,0.0,2400107.090756948,0.6845939394631522,3505884.2218776783
2026-07-28 00:00:59,3511104.103266173,44702.06008911201,2495723.782248924,0.7199752801788447,3466402.043177061
2026-07-29 00:01:01,3373684.95613402,44702.06008911201,2358189.8925136942,0.7083814985398117,3328982.896044908
2026-07-30 00:01:01,3289451.813521667,44702.06008911201,2274071.4925044184,0.7008464952031276,3244749.7534325547
2026-07-31 00:00:59,3413147.68665236,44702.06008911201,2397990.2778197275,0.7118981701558134,3368445.626563248
2026-08-01 00:01:00,3423847.2754912223,44702.06008911201,2408624.300573364,0.7127910009889122,3379145.2154021105
2026-08-02 00:00:59,3426424.2044711146,44702.06008911201,2411034.043460863,0.712960420910474,3381722.1443820028
2026-08-03 00:00:59,3539876.423314528,89404.12017822402,2484169.5454627406,0.7199505827665263,3450472.303136304
2026-08-04 00:01:01,3632442.2295916127,89404.12017822402,2576708.0884596533,0.727259489987894,3543038.1094133887
2026-08-05 00:01:00,3788653.9310398633,89404.12017822402,2733145.686984448,0.7388378257017025,3699249.810861639
2026-08-06 00:01:00,3793361.070475497,89404.12017822402,2737852.826420081,0.7391697212356494,3703956.9502972728
2026-08-07 00:01:00,3694846.30445234,89404.12017822402,2639281.583806324,0.7320271547601285,3605442.184274116
2026-08-08 00:01:00,3676648.265306447,0.0,2716917.5323414323,0.7389658559342714,3676648.265306447
2026-08-09 00:01:00,3680538.958781837,0.0,2750684.6723053865,0.7473592055702059,3680538.958781837
2026-08-10 00:01:01,3676548.4149089465,0.0,2746934.352898588,0.7471503276712919,3676548.4149089465
2026-08-11 00:01:01,3690833.634521328,0.0,2761219.572510969,0.7481289719169577,3690833.634521328
2026-08-12 00:01:01,3623520.463935044,0.0,2693755.2186067314,0.7434083084165577,3623520.463935044
2026-08-13 00:01:04,3786347.426508012,0.0,2856758.209515811,0.7544891917513437,3786347.426508012
2026-08-14 00:01:01,3826555.861382608,0.0,2912022.298364838,0.7610034725359188,3826555.861382608
2026-08-15 00:01:02,3891173.016705656,0.0,2919787.233767915,0.7503617087270679,3891173.016705656
2026-08-16 00:01:01,3894807.1383180334,0.0,2923158.6062707,0.7505271769459324,3894807.1383180334
2026-08-17 00:01:03,3894761.797217377,0.0,2922035.066544927,0.7502474396849078,3894761.797217377
2026-08-18 00:01:07,3863596.7936727176,0.0,2890689.549118161,0.748186134187746,3863596.7936727176
2026-08-19 00:01:03,3806735.26779026,0.0,2833958.39636534,0.7444590172435082,3806735.26779026
2026-08-20 00:01:03,3694321.024282996,0.0,2721900.183284536,0.7367795503945979,3694321.024282996
2026-08-21 00:01:04,3702434.606199985,0.0,2730109.037413361,0.7373821087458514,3702434.606199985
2026-08-22 00:01:04,3743714.557364206,0.0,2771499.300624087,0.7403073226222101,3743714.557364206
2026-08-22 16:40:09,3740478.689621069,0.0,2789681.8413410564,0.7458087781870686,3740478.689621069
2026-08-23 00:01:04,3739895.617987601,0.0,2789098.769707589,0.7457691482866503,3739895.617987601
2026-08-24 00:01:03,3741303.122045201,0.0,2790550.272601784,0.7458765519849981,3741303.122045201
2026-08-25 00:01:03,3701719.3342688014,0.0,2751153.49561726,0.7432096404901251,3701719.3342688014
2026-08-26 00:01:03,3774766.723156236,0.0,2824236.0814757906,0.7481882427728758,3774766.723156236
2026-08-27 00:01:03,3824338.8727083774,0.0,2873768.627878637,0.7514419416089685,3824338.8727083774
2026-08-28 00:01:03,3871870.5536114993,0.0,2921144.1097645788,0.7544529367181122,3871870.5536114993
2026-08-29 00:01:02,3804627.9502812303,0.0,2853765.0932554263,0.7500773086221169,3804627.9502812303
2026-08-30 00:01:02,3804881.4858412896,0.0,2854084.637561278,0.7501113104788905,3804881.4858412896
2026-08-31 00:01:02,3802157.475613852,0.0,2851398.0273940344,0.7499421172537525,3802157.475613852
2026-09-01 00:01:03,3802093.64195782,0.0,2851571.8021428734,0.7500004131077918,3802093.64195782
2026-09-02 00:01:01,3683123.182096423,0.0,2732590.3478177786,0.7419220625312879,3683123.182096423
2026-09-03 00:01:00,3922369.662075327,0.0,2971847.8222603807,0.7576664308299731,3922369.662075327
2026-09-04 00:01:02,4032890.40678206,0.0,3082375.165743513,0.7643091814644707,4032890.40678206
2026-09-05 00:01:01,3995243.903406973,0.0,3192360.0179247675,0.7990400824346318,3995243.903406973
2026-09-06 00:01:02,4002516.957649853,0.0,3199451.467483416,0.7993598781307922,4002516.957649853
2026-09-07 00:01:01,3997511.080884198,0.0,3194627.1954019926,0.7991540563022985,3997511.080884198
2026-09-08 00:01:01,3994601.139196088,0.0,3191729.5681348043,0.7990108290954774,3994601.139196088
2026-09-09 00:01:02,4032790.836558719,0.0,3229928.4976437534,0.80091644435493,4032790.836558719
2026-09-10 00:01:03,4037192.488012288,0.0,3234345.540900349,0.8011373127499254,4037192.488012288
2026-09-11 00:01:02,3920359.714789764,0.0,3117468.647118479,0.7951996433790663,3920359.714789764
2026-09-11 03:07:07,3939469.3355389633,0.0,2759003.6129484666,0.7003490515991043,3939469.3355389633
2026-09-12 00:01:00,4123381.694789303,0.0,2943780.5089548286,0.7139238437893998,4123381.694789303
2026-09-13 00:01:01,4126798.769489809,0.0,2946618.9138690582,0.7140204983228066,4126798.769489809
2026-09-14 00:01:01,4121902.277572301,0.0,2942301.0917378264,0.7138211664422984,4121902.277572301
2026-09-15 00:01:01,4020299.0575155066,0.0,2840657.972169323,0.7065787722580055,4020299.0575155066
2026-09-16 00:01:02,4037911.7008630666,0.0,2858091.0359975696,0.7078141494244854,4037911.7008630666
2026-09-17 00:01:02,4104332.702226219,0.0,2924691.6168800364,0.7125863883533764,4104332.702226219
2026-09-19 00:01:02,4319621.175203887,193708.9270528187,3195323.6485662702,0.77445264377549,4125912.2481510686
2026-09-20 00:01:03,4324536.603432166,193708.9270528187,3199610.508639144,0.7745688659284835,4130827.676379347
2026-09-21 00:01:01,4317074.578321738,193708.9270528187,3193302.8758929865,0.7744408684469407,4123365.65126892
2026-09-22 00:01:05,4386415.737704474,193708.9270528187,3262251.18738364,0.7780775844129683,4192706.810651655
2026-09-23 00:01:05,4322350.0371422535,193708.9270528187,3198493.7186610373,0.7747085865237028,4128641.1100894352
2026-09-24 00:01:06,4326311.385112533,193708.9270528187,3201717.7022912884,0.7747461157428911,4132602.458059714
2026-09-25 00:01:04,4279851.220995873,193708.9270528187,3155148.741990004,0.7721583133967028,4086142.293943055
2026-09-26 00:01:03,4359048.624421578,193708.9270528187,3233826.3734449274,0.7763655808163094,4165339.697368759
2026-09-27 00:01:02,4360097.5181245,195000.0,3235405.0181245,0.7767897399870168,4165097.5181245003
